Fecha,Venta
03Ene00,3.516
04Ene00,3.527
05Ene00,3.52
06Ene00,3.508
07Ene00,3.513
10Ene00,3.511
11Ene00,3.508
12Ene00,3.509
13Ene00,3.507
14Ene00,3.494
17Ene00,3.487
18Ene00,3.492
19Ene00,3.498
20Ene00,3.505
21Ene00,3.5
24Ene00,3.497
25Ene00,3.493
26Ene00,3.495
27Ene00,3.481
28Ene00,3.48
31Ene00,3.492
1-Feb-00,3.472
2-Feb-00,3.474
3-Feb-00,3.472
4-Feb-00,3.479
7-Feb-00,3.475
8-Feb-00,3.463
9-Feb-00,3.451
10-Feb-00,3.445
11-Feb-00,3.447
14-Feb-00,3.439
15-Feb-00,3.431
16-Feb-00,3.443
17-Feb-00,3.437
18-Feb-00,3.445
21-Feb-00,3.46
22-Feb-00,3.465
23-Feb-00,3.46
24-Feb-00,3.469
25-Feb-00,3.47
28-Feb-00,3.462
29-Feb-00,3.453
1-Mar-00,3.421
2-Mar-00,3.413
3-Mar-00,3.406
6-Mar-00,3.413
7-Mar-00,3.413
8-Mar-00,3.402
9-Mar-00,3.404
10-Mar-00,3.42
13-Mar-00,3.425
14-Mar-00,3.418
15-Mar-00,3.422
16-Mar-00,3.436
17-Mar-00,3.435
20-Mar-00,3.448
21-Mar-00,3.454
22-Mar-00,3.469
23-Mar-00,3.49
24-Mar-00,3.504
27-Mar-00,3.508
28-Mar-00,3.477
29-Mar-00,3.478
30-Mar-00,3.489
31-Mar-00,3.488
03Abr00,3.476
04Abr00,3.478
05Abr00,3.478
06Abr00,3.49
07Abr00,3.512
10Abr00,3.485
11Abr00,3.491
12Abr00,3.484
13Abr00,3.463
14Abr00,3.47
17Abr00,3.476
18Abr00,3.475
19Abr00,3.469
20Abr00,n.d.
21Abr00,n.d.
24Abr00,3.48
25Abr00,3.478
26Abr00,3.487
27Abr00,3.482
28Abr00,3.479
1-May-00,n.d.
2-May-00,3.478
3-May-00,3.488
4-May-00,3.488
5-May-00,3.492
8-May-00,3.502
9-May-00,3.507
10-May-00,3.513
11-May-00,3.503
12-May-00,3.499
15-May-00,3.503
16-May-00,3.504
17-May-00,3.503
18-May-00,3.503
19-May-00,3.512
22-May-00,3.513
23-May-00,3.518
24-May-00,3.512
25-May-00,3.513
26-May-00,3.525
29-May-00,3.512
30-May-00,3.518
31-May-00,3.507
1-Jun-00,3.494
2-Jun-00,3.49
5-Jun-00,3.491
6-Jun-00,3.49
7-Jun-00,3.486
8-Jun-00,3.488
9-Jun-00,3.481
12-Jun-00,3.482
13-Jun-00,3.486
14-Jun-00,3.482
15-Jun-00,3.48
16-Jun-00,3.48
19-Jun-00,3.484
20-Jun-00,3.487
21-Jun-00,3.491
22-Jun-00,3.493
23-Jun-00,3.495
26-Jun-00,3.499
27-Jun-00,3.499
28-Jun-00,3.493
29-Jun-00,n.d.
30-Jun-00,3.492
3-Jul-00,3.485
4-Jul-00,3.484
5-Jul-00,3.487
6-Jul-00,3.485
7-Jul-00,3.484
10-Jul-00,3.484
11-Jul-00,3.481
12-Jul-00,3.481
13-Jul-00,3.484
14-Jul-00,3.483
17-Jul-00,3.479
18-Jul-00,3.48
19-Jul-00,3.482
20-Jul-00,3.482
21-Jul-00,3.483
24-Jul-00,3.483
25-Jul-00,3.48
26-Jul-00,3.477
27-Jul-00,3.479
28-Jul-00,n.d.
31-Jul-00,3.476
01Ago00,3.475
02Ago00,3.481
03Ago00,3.483
04Ago00,3.486
07Ago00,3.485
08Ago00,3.48
09Ago00,3.483
10Ago00,3.483
11Ago00,3.486
14Ago00,3.486
15Ago00,3.479
16Ago00,3.478
17Ago00,3.472
18Ago00,3.471
21Ago00,3.478
22Ago00,3.476
23Ago00,3.476
24Ago00,3.478
25Ago00,3.477
28Ago00,3.476
29Ago00,3.476
30Ago00,n.d.
31Ago00,3.474
01Set00,3.472
04Set00,3.473
05Set00,3.475
06Set00,3.472
07Set00,3.473
08Set00,3.475
11Set00,3.475
12Set00,3.474
13Set00,3.473
14Set00,3.472
15Set00,3.474
18Set00,3.5
19Set00,3.499
20Set00,3.513
21Set00,3.491
22Set00,3.492
25Set00,3.489
26Set00,3.492
27Set00,3.498
28Set00,3.519
29Set00,3.51
2-Oct-00,3.495
3-Oct-00,3.491
4-Oct-00,3.497
5-Oct-00,3.504
6-Oct-00,3.503
9-Oct-00,3.501
10-Oct-00,3.5
11-Oct-00,3.502
12-Oct-00,3.496
13-Oct-00,3.492
16-Oct-00,3.488
17-Oct-00,3.493
18-Oct-00,3.498
19-Oct-00,3.493
20-Oct-00,3.495
23-Oct-00,3.509
24-Oct-00,3.51
25-Oct-00,3.51
26-Oct-00,3.51
27-Oct-00,3.515
30-Oct-00,3.522
31-Oct-00,3.515
1-Nov-00,n.d.
2-Nov-00,3.506
3-Nov-00,3.507
6-Nov-00,3.516
7-Nov-00,3.524
8-Nov-00,3.526
9-Nov-00,3.537
10-Nov-00,3.528
13-Nov-00,3.536
14-Nov-00,3.535
15-Nov-00,3.529
16-Nov-00,3.532
17-Nov-00,3.536
20-Nov-00,3.548
21-Nov-00,3.545
22-Nov-00,3.54
23-Nov-00,3.529
24-Nov-00,3.529
27-Nov-00,3.529
28-Nov-00,3.533
29-Nov-00,3.532
30-Nov-00,3.531
01Dic00,3.528
04Dic00,3.524
05Dic00,3.526
06Dic00,3.529
07Dic00,3.525
08Dic00,n.d.
11Dic00,3.524
12Dic00,3.526
13Dic00,3.525
14Dic00,3.521
15Dic00,3.505
18Dic00,3.506
19Dic00,3.505
20Dic00,3.514
21Dic00,3.515
22Dic00,3.516
25Dic00,n.d.
26Dic00,3.518
27Dic00,3.533
28Dic00,3.534
29Dic00,3.527
01Ene01,n.d.
02Ene01,3.523
03Ene01,3.521
04Ene01,3.52
05Ene01,3.518
08Ene01,3.517
09Ene01,3.518
10Ene01,3.519
11Ene01,3.517
12Ene01,3.521
15Ene01,3.522
16Ene01,3.521
17Ene01,3.519
18Ene01,3.52
19Ene01,3.522
22Ene01,3.523
23Ene01,3.527
24Ene01,3.531
25Ene01,3.528
26Ene01,3.532
29Ene01,3.538
30Ene01,3.536
31Ene01,3.536
1-Feb-01,3.532
2-Feb-01,3.531
5-Feb-01,3.532
6-Feb-01,3.53
7-Feb-01,3.532
8-Feb-01,3.533
9-Feb-01,3.53
12-Feb-01,3.532
13-Feb-01,3.533
14-Feb-01,3.531
15-Feb-01,3.53
16-Feb-01,3.527
19-Feb-01,3.526
20-Feb-01,3.526
21-Feb-01,3.528
22-Feb-01,3.529
23-Feb-01,3.532
26-Feb-01,3.527
27-Feb-01,3.526
28-Feb-01,3.524
1-Mar-01,3.522
2-Mar-01,3.52
5-Mar-01,3.518
6-Mar-01,3.517
7-Mar-01,3.516
8-Mar-01,3.518
9-Mar-01,3.519
12-Mar-01,3.518
13-Mar-01,3.518
14-Mar-01,3.518
15-Mar-01,3.519
16-Mar-01,3.523
19-Mar-01,3.523
20-Mar-01,3.522
21-Mar-01,3.524
22-Mar-01,3.525
23-Mar-01,3.526
26-Mar-01,3.522
27-Mar-01,3.521
28-Mar-01,3.522
29-Mar-01,3.522
30-Mar-01,3.525
02Abr01,3.525
03Abr01,3.526
04Abr01,3.526
05Abr01,3.527
06Abr01,3.532
09Abr01,3.54
10Abr01,3.544
11Abr01,3.543
12Abr01,n.d.
13Abr01,n.d.
16Abr01,3.546
17Abr01,3.561
18Abr01,3.572
19Abr01,3.576
20Abr01,3.581
23Abr01,3.588
24Abr01,3.592
25Abr01,3.593
26Abr01,3.593
27Abr01,3.593
30Abr01,3.589
1-May-01,n.d.
2-May-01,3.589
3-May-01,3.597
4-May-01,3.6
7-May-01,3.596
8-May-01,3.604
9-May-01,3.613
10-May-01,3.609
11-May-01,3.604
14-May-01,3.603
15-May-01,3.6
16-May-01,3.602
17-May-01,3.599
18-May-01,3.601
21-May-01,3.596
22-May-01,3.587
23-May-01,3.589
24-May-01,3.59
25-May-01,3.593
28-May-01,3.61
29-May-01,3.615
30-May-01,3.616
31-May-01,3.623
1-Jun-01,3.631
4-Jun-01,3.576
5-Jun-01,3.559
6-Jun-01,3.554
7-Jun-01,3.534
8-Jun-01,3.5323
11-Jun-01,3.518
12-Jun-01,3.522
13-Jun-01,3.516
14-Jun-01,3.513
15-Jun-01,3.515
18-Jun-01,3.527
19-Jun-01,3.524
20-Jun-01,3.519
21-Jun-01,3.52
22-Jun-01,3.521
25-Jun-01,3.522
26-Jun-01,3.523
27-Jun-01,3.519
28-Jun-01,3.514
29-Jun-01,n.d.
2-Jul-01,3.515
3-Jul-01,3.514
4-Jul-01,3.518
5-Jul-01,3.518
6-Jul-01,3.52
9-Jul-01,3.512
10-Jul-01,3.51
11-Jul-01,3.512
12-Jul-01,3.516
13-Jul-01,3.51
16-Jul-01,3.509
17-Jul-01,3.506
18-Jul-01,3.498
19-Jul-01,3.495
20-Jul-01,3.494
23-Jul-01,3.497
24-Jul-01,3.499
25-Jul-01,3.497
26-Jul-01,3.489
27-Jul-01,3.487
30-Jul-01,n.d.
31-Jul-01,3.488
01Ago01,3.496
02Ago01,3.501
03Ago01,3.498
06Ago01,3.501
07Ago01,3.501
08Ago01,3.495
09Ago01,3.493
10Ago01,3.493
13Ago01,3.494
14Ago01,3.493
15Ago01,3.491
16Ago01,3.492
17Ago01,3.492
20Ago01,3.496
21Ago01,3.499
22Ago01,3.489
23Ago01,3.49
24Ago01,3.49
27Ago01,3.491
28Ago01,3.488
29Ago01,3.484
30Ago01,n.d.
31Ago01,3.483
03Set01,3.479
04Set01,3.481
05Set01,3.484
06Set01,3.483
07Set01,3.483
10Set01,3.483
11Set01,3.494
12Set01,3.491
13Set01,3.496
14Set01,3.502
17Set01,3.503
18Set01,3.501
19Set01,3.501
20Set01,3.502
21Set01,3.502
24Set01,3.494
25Set01,3.49
26Set01,3.485
27Set01,3.485
28Set01,3.484
1-Oct-01,3.482
2-Oct-01,3.481
3-Oct-01,3.479
4-Oct-01,3.478
5-Oct-01,3.479
8-Oct-01,n.d.
9-Oct-01,3.48
10-Oct-01,3.477
11-Oct-01,3.471
12-Oct-01,3.463
15-Oct-01,3.452
16-Oct-01,3.451
17-Oct-01,3.453
18-Oct-01,3.45
19-Oct-01,3.451
22-Oct-01,3.45
23-Oct-01,3.453
24-Oct-01,3.454
25-Oct-01,3.455
26-Oct-01,3.452
29-Oct-01,3.451
30-Oct-01,3.446
31-Oct-01,3.443
1-Nov-01,n.d.
2-Nov-01,n.d.
5-Nov-01,3.44
6-Nov-01,3.444
7-Nov-01,3.449
8-Nov-01,3.448
9-Nov-01,3.448
12-Nov-01,3.45
13-Nov-01,3.444
14-Nov-01,3.444
15-Nov-01,3.44
16-Nov-01,3.44
19-Nov-01,3.438
20-Nov-01,3.435
21-Nov-01,3.436
22-Nov-01,3.439
23-Nov-01,3.437
26-Nov-01,3.438
27-Nov-01,3.438
28-Nov-01,3.436
29-Nov-01,3.435
30-Nov-01,3.435
03Dic01,3.434
04Dic01,3.434
05Dic01,3.431
06Dic01,3.43
07Dic01,3.431
10Dic01,3.43
11Dic01,3.43
12Dic01,3.432
13Dic01,3.431
14Dic01,3.432
17Dic01,3.433
18Dic01,3.437
19Dic01,3.439
20Dic01,3.446
21Dic01,3.445
24Dic01,3.443
25Dic01,n.d.
26Dic01,3.445
27Dic01,3.441
28Dic01,3.4415
31Dic01,3.446
01Ene02,n.d.
02Ene02,3.443
03Ene02,3.441
04Ene02,3.443
07Ene02,3.444
08Ene02,3.447
09Ene02,3.457
10Ene02,3.479
11Ene02,3.477
14Ene02,3.473
15Ene02,3.459
16Ene02,3.459
17Ene02,3.457
18Ene02,3.46
21Ene02,3.462
22Ene02,3.463
23Ene02,3.463
24Ene02,3.462
25Ene02,3.464
28Ene02,3.467
29Ene02,3.467
30Ene02,3.476
31Ene02,3.478
1-Feb-02,3.478
4-Feb-02,3.483
5-Feb-02,3.485
6-Feb-02,3.487
7-Feb-02,3.484
8-Feb-02,3.486
11-Feb-02,3.485
12-Feb-02,3.476
13-Feb-02,3.475
14-Feb-02,3.475
15-Feb-02,3.471
18-Feb-02,3.469
19-Feb-02,3.472
20-Feb-02,3.473
21-Feb-02,3.475
22-Feb-02,3.48
25-Feb-02,3.479
26-Feb-02,3.476
27-Feb-02,3.474
28-Feb-02,3.471
1-Mar-02,3.471
4-Mar-02,3.471
5-Mar-02,3.464
6-Mar-02,3.46
7-Mar-02,3.46
8-Mar-02,3.455
11-Mar-02,3.457
12-Mar-02,3.454
13-Mar-02,3.453
14-Mar-02,3.451
15-Mar-02,3.455
18-Mar-02,3.455
19-Mar-02,3.456
20-Mar-02,3.456
21-Mar-02,3.459
22-Mar-02,3.455
25-Mar-02,3.453
26-Mar-02,3.453
27-Mar-02,3.446
28-Mar-02,n.d.
29-Mar-02,n.d.
01Abr02,3.447
02Abr02,3.453
03Abr02,3.45
04Abr02,3.45
05Abr02,3.446
08Abr02,3.445
09Abr02,3.444
10Abr02,3.443
11Abr02,3.444
12Abr02,3.441
15Abr02,3.439
16Abr02,3.432
17Abr02,3.431
18Abr02,3.433
19Abr02,3.43
22Abr02,3.429
23Abr02,3.431
24Abr02,3.436
25Abr02,3.439
26Abr02,3.438
29Abr02,3.438
30Abr02,3.435
1-May-02,n.d.
2-May-02,3.434
3-May-02,3.436
6-May-02,3.435
7-May-02,3.435
8-May-02,3.435
9-May-02,3.441
10-May-02,3.447
13-May-02,3.453
14-May-02,3.45
15-May-02,3.449
16-May-02,3.451
17-May-02,3.457
20-May-02,3.459
21-May-02,3.463
22-May-02,3.469
23-May-02,3.471
24-May-02,3.455
27-May-02,3.455
28-May-02,3.466
29-May-02,3.47
30-May-02,3.463
31-May-02,3.462
3-Jun-02,3.466
4-Jun-02,3.474
5-Jun-02,3.469
6-Jun-02,n.d.
7-Jun-02,3.471
10-Jun-02,3.47
11-Jun-02,3.468
12-Jun-02,3.47
13-Jun-02,3.466
14-Jun-02,3.464
17-Jun-02,3.465
18-Jun-02,3.467
19-Jun-02,3.474
20-Jun-02,3.485
21-Jun-02,3.507
24-Jun-02,3.51
25-Jun-02,3.5
26-Jun-02,3.511
27-Jun-02,3.508
28-Jun-02,3.511
1-Jul-02,3.512
2-Jul-02,3.518
3-Jul-02,3.525
4-Jul-02,3.524
5-Jul-02,3.536
8-Jul-02,3.54
9-Jul-02,3.536
10-Jul-02,3.546
11-Jul-02,3.552
12-Jul-02,3.546
15-Jul-02,3.54
16-Jul-02,3.532
17-Jul-02,3.537
18-Jul-02,3.537
19-Jul-02,3.532
22-Jul-02,3.521
23-Jul-02,3.526
24-Jul-02,3.536
25-Jul-02,3.543
26-Jul-02,3.537
29-Jul-02,n.d.
30-Jul-02,n.d.
31-Jul-02,3.55
01Ago02,3.557
02Ago02,3.544
05Ago02,3.546
06Ago02,3.557
07Ago02,3.554
08Ago02,3.537
09Ago02,3.548
12Ago02,3.566
13Ago02,3.574
14Ago02,3.57
15Ago02,3.565
16Ago02,3.563
19Ago02,3.561
20Ago02,3.569
21Ago02,3.575
22Ago02,3.592
23Ago02,3.594
26Ago02,3.595
27Ago02,3.602
28Ago02,3.612
29Ago02,3.615
30Ago02,n.d.
02Set02,3.613
03Set02,3.629
04Set02,3.643
05Set02,3.652
06Set02,3.638
09Set02,3.617
10Set02,3.612
11Set02,3.609
12Set02,3.589
13Set02,3.567
16Set02,3.589
17Set02,3.598
18Set02,3.6
19Set02,3.609
20Set02,3.626
23Set02,3.631
24Set02,3.633
25Set02,3.638
26Set02,3.639
27Set02,3.647
30Set02,3.644
1-Oct-02,3.628
2-Oct-02,3.628
3-Oct-02,3.634
4-Oct-02,3.6318
7-Oct-02,n.d.
8-Oct-02,n.d.
9-Oct-02,3.624
10-Oct-02,3.62
11-Oct-02,3.616
14-Oct-02,3.616
15-Oct-02,3.628
16-Oct-02,3.63
17-Oct-02,3.626
18-Oct-02,3.616
21-Oct-02,3.621
22-Oct-02,3.621
23-Oct-02,3.61
24-Oct-02,3.603
25-Oct-02,3.591
28-Oct-02,3.59
29-Oct-02,3.601
30-Oct-02,3.608
31-Oct-02,3.602
1-Nov-02,n.d.
4-Nov-02,3.601
5-Nov-02,3.606
6-Nov-02,3.616
7-Nov-02,3.614
8-Nov-02,3.61
11-Nov-02,3.603
12-Nov-02,3.601
13-Nov-02,3.599
14-Nov-02,3.601
15-Nov-02,3.602
18-Nov-02,3.593
19-Nov-02,3.587
20-Nov-02,3.585
21-Nov-02,3.58
22-Nov-02,3.577
25-Nov-02,3.575
26-Nov-02,3.555
27-Nov-02,3.546
28-Nov-02,3.526
29-Nov-02,3.51
02Dic02,3.517
03Dic02,3.544
04Dic02,3.552
05Dic02,3.537
06Dic02,3.527
09Dic02,3.52
10Dic02,3.521
11Dic02,3.517
12Dic02,3.506
13Dic02,3.501
16Dic02,3.492
17Dic02,3.497
18Dic02,3.499
19Dic02,3.51
20Dic02,3.514
23Dic02,3.502
24Dic02,3.5
25Dic02,n.d.
26Dic02,3.511
27Dic02,3.522
30Dic02,3.517
31Dic02,3.515
01Ene03,n.d.
02Ene03,3.509
03Ene03,3.5
06Ene03,3.502
07Ene03,3.498
08Ene03,3.493
09Ene03,3.49
10Ene03,3.494
13Ene03,3.49
14Ene03,3.487
15Ene03,3.485
16Ene03,3.486
17Ene03,3.488
20Ene03,3.492
21Ene03,3.497
22Ene03,3.504
23Ene03,3.5
24Ene03,3.498
27Ene03,3.499
28Ene03,3.498
29Ene03,3.5
30Ene03,3.491
31Ene03,3.484
3-Feb-03,3.483
4-Feb-03,3.491
5-Feb-03,3.494
6-Feb-03,3.49
7-Feb-03,3.491
10-Feb-03,3.489
11-Feb-03,3.484
12-Feb-03,3.484
13-Feb-03,3.49
14-Feb-03,3.485
17-Feb-03,3.482
18-Feb-03,3.48
19-Feb-03,3.482
20-Feb-03,3.481
21-Feb-03,3.481
24-Feb-03,3.48
25-Feb-03,3.483
26-Feb-03,3.482
27-Feb-03,3.481
28-Feb-03,3.481
3-Mar-03,3.478
4-Mar-03,3.476
5-Mar-03,3.476
6-Mar-03,3.478
7-Mar-03,3.481
10-Mar-03,3.484
11-Mar-03,3.481
12-Mar-03,3.48
13-Mar-03,3.479
14-Mar-03,3.478
17-Mar-03,3.48
18-Mar-03,3.482
19-Mar-03,3.485
20-Mar-03,3.488
21-Mar-03,3.484
24-Mar-03,3.481
25-Mar-03,3.479
26-Mar-03,3.479
27-Mar-03,3.479
28-Mar-03,3.4777
31-Mar-03,3.475
01Abr03,3.475
02Abr03,3.472
03Abr03,3.472
04Abr03,3.473
07Abr03,3.469
08Abr03,3.467
09Abr03,3.468
10Abr03,3.467
11Abr03,3.465
14Abr03,3.461
15Abr03,3.463
16Abr03,3.46
17Abr03,n.d.
18Abr03,n.d.
21Abr03,3.46
22Abr03,3.458
23Abr03,3.462
24Abr03,3.462
25Abr03,3.465
28Abr03,3.466
29Abr03,3.461
30Abr03,3.463
1-May-03,n.d.
2-May-03,3.465
5-May-03,3.468
6-May-03,3.473
7-May-03,3.474
8-May-03,3.474
9-May-03,3.475
12-May-03,3.474
13-May-03,3.476
14-May-03,3.475
15-May-03,3.475
16-May-03,3.475
19-May-03,3.483
20-May-03,3.489
21-May-03,3.49
22-May-03,3.491
23-May-03,3.491
26-May-03,3.49
27-May-03,3.492
28-May-03,3.5
29-May-03,3.496
30-May-03,3.496
2-Jun-03,3.493
3-Jun-03,3.494
4-Jun-03,3.489
5-Jun-03,3.484
6-Jun-03,3.483
9-Jun-03,3.484
10-Jun-03,3.488
11-Jun-03,3.485
12-Jun-03,3.481
13-Jun-03,3.474
16-Jun-03,3.471
17-Jun-03,3.472
18-Jun-03,3.473
19-Jun-03,3.472
20-Jun-03,3.471
23-Jun-03,3.475
24-Jun-03,3.476
25-Jun-03,3.48
26-Jun-03,3.477
27-Jun-03,3.477
30-Jun-03,3.472
1-Jul-03,3.473
2-Jul-03,3.471
3-Jul-03,3.469
4-Jul-03,3.47
7-Jul-03,3.471
8-Jul-03,3.475
9-Jul-03,3.473
10-Jul-03,3.474
11-Jul-03,3.474
14-Jul-03,3.471
15-Jul-03,3.471
16-Jul-03,3.471
17-Jul-03,3.47
18-Jul-03,3.471
21-Jul-03,3.472
22-Jul-03,3.472
23-Jul-03,3.472
24-Jul-03,3.473
25-Jul-03,3.474
28-Jul-03,n.d.
29-Jul-03,n.d.
30-Jul-03,3.472
31-Jul-03,3.473
01Ago03,3.474
04Ago03,3.475
05Ago03,3.477
06Ago03,3.481
07Ago03,3.481
08Ago03,3.486
11Ago03,3.482
12Ago03,3.484
13Ago03,3.486
14Ago03,3.482
15Ago03,3.479
18Ago03,3.481
19Ago03,3.482
20Ago03,3.481
21Ago03,3.482
22Ago03,3.482
25Ago03,3.481
26Ago03,3.481
27Ago03,3.48
28Ago03,3.481
29Ago03,3.481
01Set03,3.482
02Set03,3.482
03Set03,3.485
04Set03,3.485
05Set03,3.485
08Set03,3.483
09Set03,3.482
10Set03,3.48
11Set03,3.479
12Set03,3.48
15Set03,3.478
16Set03,3.478
17Set03,3.479
18Set03,3.478
19Set03,3.479
22Set03,3.48
23Set03,3.483
24Set03,3.483
25Set03,3.484
26Set03,3.483
29Set03,3.484
30Set03,3.483
1-Oct-03,3.485
2-Oct-03,3.483
3-Oct-03,3.482
6-Oct-03,3.481
7-Oct-03,3.481
8-Oct-03,n.d.
9-Oct-03,3.482
10-Oct-03,3.482
13-Oct-03,3.479
14-Oct-03,3.479
15-Oct-03,3.48
16-Oct-03,3.479
17-Oct-03,3.48
20-Oct-03,3.479
21-Oct-03,3.48
22-Oct-03,3.478
23-Oct-03,3.477
24-Oct-03,3.475
27-Oct-03,3.476
28-Oct-03,3.477
29-Oct-03,3.475
30-Oct-03,3.472
31-Oct-03,3.473
3-Nov-03,3.474
4-Nov-03,3.475
5-Nov-03,3.475
6-Nov-03,3.479
7-Nov-03,3.481
10-Nov-03,3.48
11-Nov-03,3.48
12-Nov-03,3.478
13-Nov-03,3.478
14-Nov-03,3.475
17-Nov-03,3.476
18-Nov-03,3.477
19-Nov-03,3.48
20-Nov-03,3.481
21-Nov-03,3.479
24-Nov-03,3.479
25-Nov-03,3.479
26-Nov-03,3.482
27-Nov-03,3.48
28-Nov-03,3.481
01Dic03,3.48
02Dic03,3.478
03Dic03,3.479
04Dic03,3.478
05Dic03,3.477
08Dic03,n.d.
09Dic03,3.478
10Dic03,3.478
11Dic03,3.475
12Dic03,3.475
15Dic03,3.475
16Dic03,3.475
17Dic03,3.472
18Dic03,3.471
19Dic03,3.467
22Dic03,3.463
23Dic03,3.464
24Dic03,3.464
25Dic03,n.d.
26Dic03,3.466
29Dic03,3.469
30Dic03,3.467
31Dic03,3.464
01Ene04,n.d.
02Ene04,3.463
05Ene04,3.464
06Ene04,3.462
07Ene04,3.461
08Ene04,3.458
09Ene04,3.457
12Ene04,3.458
13Ene04,3.461
14Ene04,3.459
15Ene04,3.455
16Ene04,3.453
19Ene04,3.458
20Ene04,3.461
21Ene04,3.464
22Ene04,3.472
23Ene04,3.475
26Ene04,3.474
27Ene04,3.483
28Ene04,3.485
29Ene04,3.499
30Ene04,3.5
2-Feb-04,3.506
3-Feb-04,3.497
4-Feb-04,3.493
5-Feb-04,3.493
6-Feb-04,3.492
9-Feb-04,3.49
10-Feb-04,3.486
11-Feb-04,3.488
12-Feb-04,3.49
13-Feb-04,3.492
16-Feb-04,3.483
17-Feb-04,3.477
18-Feb-04,3.474
19-Feb-04,3.473
20-Feb-04,3.475
23-Feb-04,3.477
24-Feb-04,3.474
25-Feb-04,3.475
26-Feb-04,3.475
27-Feb-04,3.473
1-Mar-04,3.473
2-Mar-04,3.474
3-Mar-04,3.476
4-Mar-04,3.475
5-Mar-04,3.474
8-Mar-04,3.472
9-Mar-04,3.467
10-Mar-04,3.466
11-Mar-04,3.467
12-Mar-04,3.463
15-Mar-04,3.462
16-Mar-04,3.464
17-Mar-04,3.466
18-Mar-04,3.466
19-Mar-04,3.463
22-Mar-04,3.461
23-Mar-04,3.459
24-Mar-04,3.461
25-Mar-04,3.462
26-Mar-04,3.462
29-Mar-04,3.461
30-Mar-04,3.461
31-Mar-04,3.461
01Abr04,3.461
02Abr04,3.458
05Abr04,3.458
06Abr04,3.459
07Abr04,3.462
08Abr04,n.d.
09Abr04,n.d.
12Abr04,3.463
13Abr04,3.464
14Abr04,3.467
15Abr04,3.467
16Abr04,3.466
19Abr04,3.466
20Abr04,3.469
21Abr04,3.47
22Abr04,3.473
23Abr04,3.479
26Abr04,3.484
27Abr04,3.485
28Abr04,3.484
29Abr04,3.487
30Abr04,3.484
3-May-04,3.487
4-May-04,3.484
5-May-04,3.483
6-May-04,3.486
7-May-04,3.491
10-May-04,3.493
11-May-04,3.488
12-May-04,3.487
13-May-04,3.488
14-May-04,3.484
17-May-04,3.484
18-May-04,3.484
19-May-04,3.484
20-May-04,3.491
21-May-04,3.489
24-May-04,3.495
25-May-04,3.493
26-May-04,3.491
27-May-04,3.489
28-May-04,3.489
31-May-04,3.489
1-Jun-04,3.49
2-Jun-04,3.488
3-Jun-04,3.487
4-Jun-04,3.487
7-Jun-04,3.486
8-Jun-04,3.482
9-Jun-04,3.477
10-Jun-04,3.479
11-Jun-04,3.478
14-Jun-04,3.482
15-Jun-04,3.478
16-Jun-04,3.476
17-Jun-04,3.475
18-Jun-04,3.473
21-Jun-04,3.473
22-Jun-04,3.472
23-Jun-04,3.47
24-Jun-04,3.47
25-Jun-04,3.469
28-Jun-04,3.471
29-Jun-04,n.d.
30-Jun-04,3.472
1-Jul-04,3.471
2-Jul-04,3.469
5-Jul-04,3.469
6-Jul-04,3.467
7-Jul-04,3.464
8-Jul-04,3.462
9-Jul-04,3.456
12-Jul-04,3.446
13-Jul-04,3.436
14-Jul-04,3.441
15-Jul-04,3.437
16-Jul-04,3.435
19-Jul-04,3.425
20-Jul-04,3.421
21-Jul-04,3.426
22-Jul-04,3.424
23-Jul-04,3.42
26-Jul-04,3.425
27-Jul-04,3.428
28-Jul-04,n.d.
29-Jul-04,n.d.
30-Jul-04,3.422
02Ago04,3.415
03Ago04,3.409
04Ago04,3.421
05Ago04,3.417
06Ago04,3.413
09Ago04,3.409
10Ago04,3.41
11Ago04,3.408
12Ago04,3.409
13Ago04,3.409
16Ago04,3.41
17Ago04,3.406
18Ago04,3.389
19Ago04,3.381
20Ago04,3.381
23Ago04,3.382
24Ago04,3.383
25Ago04,3.38
26Ago04,3.368
27Ago04,3.364
30Ago04,n.d.
31Ago04,3.358
01Set04,3.368
02Set04,3.372
03Set04,3.382
06Set04,3.382
07Set04,3.375
08Set04,3.367
09Set04,3.367
10Set04,3.369
13Set04,3.361
14Set04,3.353
15Set04,3.35
16Set04,3.349
17Set04,3.351
20Set04,3.351
21Set04,3.351
22Set04,3.353
23Set04,3.348
24Set04,3.348
27Set04,3.352
28Set04,3.349
29Set04,3.345
30Set04,3.342
1-Oct-04,3.338
4-Oct-04,3.34
5-Oct-04,3.337
6-Oct-04,3.333
7-Oct-04,3.328
8-Oct-04,n.d.
11-Oct-04,3.313
12-Oct-04,3.31
13-Oct-04,3.313
14-Oct-04,3.325
15-Oct-04,3.322
18-Oct-04,3.314
19-Oct-04,3.318
20-Oct-04,3.318
21-Oct-04,3.313
22-Oct-04,3.31
25-Oct-04,3.314
26-Oct-04,3.324
27-Oct-04,3.321
28-Oct-04,3.325
29-Oct-04,3.325
1-Nov-04,n.d.
2-Nov-04,3.324
3-Nov-04,3.317
4-Nov-04,3.314
5-Nov-04,3.312
8-Nov-04,3.314
9-Nov-04,3.312
10-Nov-04,3.308
11-Nov-04,3.313
12-Nov-04,3.307
15-Nov-04,3.306
16-Nov-04,3.303
17-Nov-04,3.306
18-Nov-04,3.311
19-Nov-04,3.311
22-Nov-04,3.316
23-Nov-04,3.316
24-Nov-04,3.314
25-Nov-04,3.309
26-Nov-04,3.308
29-Nov-04,3.306
30-Nov-04,3.306
01Dic04,3.303
02Dic04,3.302
03Dic04,3.299
06Dic04,3.297
07Dic04,3.299
08Dic04,n.d.
09Dic04,3.301
10Dic04,3.295
13Dic04,3.286
14Dic04,3.275
15Dic04,3.263
16Dic04,3.268
17Dic04,3.27
20Dic04,3.269
21Dic04,3.264
22Dic04,3.269
23Dic04,3.268
24Dic04,3.269
27Dic04,3.271
28Dic04,3.279
29Dic04,3.288
30Dic04,3.282
31Dic04,3.283
03Ene05,3.287
04Ene05,3.279
05Ene05,3.274
06Ene05,3.276
07Ene05,3.277
10Ene05,3.275
11Ene05,3.273
12Ene05,3.268
13Ene05,3.265
14Ene05,3.264
17Ene05,3.259
18Ene05,3.264
19Ene05,3.264
20Ene05,3.27
21Ene05,3.267
24Ene05,3.27
25Ene05,3.27
26Ene05,3.265
27Ene05,3.261
28Ene05,3.259
31Ene05,3.264
1-Feb-05,3.263
2-Feb-05,3.261
3-Feb-05,3.26
4-Feb-05,3.258
7-Feb-05,3.264
8-Feb-05,3.262
9-Feb-05,3.259
10-Feb-05,3.26
11-Feb-05,3.259
14-Feb-05,3.259
15-Feb-05,3.26
16-Feb-05,3.259
17-Feb-05,3.259
18-Feb-05,3.262
21-Feb-05,3.259
22-Feb-05,3.257
23-Feb-05,3.258
24-Feb-05,3.257
25-Feb-05,3.258
28-Feb-05,3.259
1-Mar-05,3.259
2-Mar-05,3.261
3-Mar-05,3.262
4-Mar-05,3.259
7-Mar-05,3.26
8-Mar-05,3.259
9-Mar-05,3.259
10-Mar-05,3.259
11-Mar-05,3.258
14-Mar-05,3.257
15-Mar-05,3.258
16-Mar-05,3.263
17-Mar-05,3.259
18-Mar-05,3.261
21-Mar-05,3.26
22-Mar-05,3.26
23-Mar-05,3.262
24-Mar-05,n.d.
25-Mar-05,n.d.
28-Mar-05,3.262
29-Mar-05,3.262
30-Mar-05,3.262
31-Mar-05,3.263
01Abr05,3.26
04Abr05,n.d.
05Abr05,3.261
06Abr05,3.26
07Abr05,3.259
08Abr05,3.26
11Abr05,3.261
12Abr05,3.262
13Abr05,3.259
14Abr05,3.258
15Abr05,3.26
18Abr05,3.259
19Abr05,3.258
20Abr05,3.258
21Abr05,3.257
22Abr05,3.257
25Abr05,3.256
26Abr05,3.256
27Abr05,3.258
28Abr05,3.259
29Abr05,3.259
2-May-05,n.d.
3-May-05,3.256
4-May-05,3.258
5-May-05,3.258
6-May-05,3.257
9-May-05,3.257
10-May-05,3.256
11-May-05,3.256
12-May-05,3.255
13-May-05,3.255
16-May-05,3.255
17-May-05,3.255
18-May-05,3.256
19-May-05,3.255
20-May-05,3.255
23-May-05,3.255
24-May-05,3.256
25-May-05,3.255
26-May-05,3.255
27-May-05,3.255
30-May-05,3.256
31-May-05,3.255
1-Jun-05,3.254
2-Jun-05,3.256
3-Jun-05,3.255
6-Jun-05,3.255
7-Jun-05,3.255
8-Jun-05,3.254
9-Jun-05,3.253
10-Jun-05,3.252
13-Jun-05,3.252
14-Jun-05,3.251
15-Jun-05,3.252
16-Jun-05,3.251
17-Jun-05,3.251
20-Jun-05,3.253
21-Jun-05,3.253
22-Jun-05,3.253
23-Jun-05,3.254
24-Jun-05,3.255
27-Jun-05,3.254
28-Jun-05,3.254
29-Jun-05,n.d.
30-Jun-05,3.254
1-Jul-05,3.254
4-Jul-05,3.252
5-Jul-05,3.252
6-Jul-05,3.253
7-Jul-05,3.251
8-Jul-05,3.25
11-Jul-05,3.252
12-Jul-05,3.251
13-Jul-05,3.252
14-Jul-05,3.253
15-Jul-05,3.253
18-Jul-05,3.254
19-Jul-05,3.253
20-Jul-05,3.254
21-Jul-05,3.253
22-Jul-05,3.253
25-Jul-05,3.253
26-Jul-05,3.255
27-Jul-05,3.255
28-Jul-05,n.d.
29-Jul-05,n.d.
01Ago05,3.254
02Ago05,3.254
03Ago05,3.254
04Ago05,3.254
05Ago05,3.254
08Ago05,3.252
09Ago05,3.252
10Ago05,3.253
11Ago05,3.252
12Ago05,3.253
15Ago05,3.254
16Ago05,3.253
17Ago05,3.254
18Ago05,3.254
19Ago05,3.255
22Ago05,3.256
23Ago05,3.256
24Ago05,3.258
25Ago05,3.261
26Ago05,3.269
29Ago05,3.286
30Ago05,n.d.
31Ago05,3.286
01Set05,3.279
02Set05,3.297
05Set05,3.322
06Set05,3.321
07Set05,3.297
08Set05,3.299
09Set05,3.292
12Set05,3.285
13Set05,3.29
14Set05,3.29
15Set05,3.295
16Set05,3.296
19Set05,3.304
20Set05,3.302
21Set05,3.305
22Set05,3.321
23Set05,3.321
26Set05,3.32
27Set05,3.321
28Set05,3.333
29Set05,3.35
30Set05,3.345
3-Oct-05,3.351
4-Oct-05,3.351
5-Oct-05,3.361
6-Oct-05,3.368
7-Oct-05,3.387
10-Oct-05,3.366
11-Oct-05,3.378
12-Oct-05,3.395
13-Oct-05,3.393
14-Oct-05,3.392
17-Oct-05,3.383
18-Oct-05,3.388
19-Oct-05,3.394
20-Oct-05,3.394
21-Oct-05,3.392
24-Oct-05,3.393
25-Oct-05,3.393
26-Oct-05,3.391
27-Oct-05,3.388
28-Oct-05,3.382
31-Oct-05,3.38
1-Nov-05,n.d.
2-Nov-05,3.369
3-Nov-05,3.361
4-Nov-05,3.359
7-Nov-05,3.359
8-Nov-05,3.357
9-Nov-05,3.363
10-Nov-05,3.362
11-Nov-05,3.359
14-Nov-05,3.362
15-Nov-05,3.364
16-Nov-05,3.363
17-Nov-05,3.366
18-Nov-05,3.379
21-Nov-05,3.384
22-Nov-05,3.392
23-Nov-05,3.389
24-Nov-05,3.396
25-Nov-05,3.397
28-Nov-05,3.41
29-Nov-05,3.414
30-Nov-05,3.412
01Dic05,3.417
02Dic05,3.408
05Dic05,3.412
06Dic05,3.412
07Dic05,3.412
08Dic05,n.d.
09Dic05,3.41
12Dic05,3.433
13Dic05,3.441
14Dic05,3.441
15Dic05,3.441
16Dic05,3.441
19Dic05,3.439
20Dic05,3.439
21Dic05,3.439
22Dic05,3.421
23Dic05,3.411
26Dic05,3.411
27Dic05,3.422
28Dic05,3.422
29Dic05,3.428
30Dic05,3.431
02Ene06,3.429
03Ene06,3.43
04Ene06,3.438
05Ene06,3.439
06Ene06,3.442
09Ene06,3.444
10Ene06,3.444
11Ene06,3.445
12Ene06,3.445
13Ene06,3.452
16Ene06,3.443
17Ene06,3.426
18Ene06,3.386
19Ene06,3.357
20Ene06,3.357
23Ene06,3.358
24Ene06,3.336
25Ene06,3.344
26Ene06,3.321
27Ene06,3.317
30Ene06,3.307
31Ene06,3.314
1-Feb-06,3.31
2-Feb-06,3.314
3-Feb-06,3.301
6-Feb-06,3.293
7-Feb-06,3.289
8-Feb-06,3.281
9-Feb-06,3.287
10-Feb-06,3.291
13-Feb-06,3.288
14-Feb-06,3.289
15-Feb-06,3.289
16-Feb-06,3.285
17-Feb-06,3.284
20-Feb-06,3.287
21-Feb-06,3.282
22-Feb-06,3.28
23-Feb-06,3.282
24-Feb-06,3.282
27-Feb-06,3.285
28-Feb-06,3.293
1-Mar-06,3.306
2-Mar-06,3.335
3-Mar-06,3.329
6-Mar-06,3.331
7-Mar-06,3.333
8-Mar-06,3.34
9-Mar-06,3.329
10-Mar-06,3.331
13-Mar-06,3.347
14-Mar-06,3.341
15-Mar-06,3.335
16-Mar-06,3.326
17-Mar-06,3.327
20-Mar-06,3.352
21-Mar-06,3.35
22-Mar-06,3.344
23-Mar-06,3.36
24-Mar-06,3.373
27-Mar-06,3.357
28-Mar-06,3.347
29-Mar-06,3.324
30-Mar-06,3.351
31-Mar-06,3.358
03Abr06,3.361
04Abr06,3.361
05Abr06,3.373
06Abr06,3.364
07Abr06,3.367
10Abr06,3.323
11Abr06,3.351
12Abr06,3.329
13Abr06,n.d.
14Abr06,n.d.
17Abr06,3.315
18Abr06,3.309
19Abr06,3.312
20Abr06,3.316
21Abr06,3.313
24Abr06,3.318
25Abr06,3.318
26Abr06,3.317
27Abr06,3.322
28Abr06,3.312
1-May-06,n.d.
2-May-06,3.303
3-May-06,3.305
4-May-06,3.297
5-May-06,3.292
8-May-06,3.291
9-May-06,3.28
10-May-06,3.282
11-May-06,3.28
12-May-06,3.28
15-May-06,3.276
16-May-06,3.273
17-May-06,3.262
18-May-06,3.261
19-May-06,3.262
22-May-06,3.268
23-May-06,3.265
24-May-06,3.268
25-May-06,3.266
26-May-06,3.271
29-May-06,3.286
30-May-06,3.298
31-May-06,3.2933
1-Jun-06,3.2786
2-Jun-06,3.272
5-Jun-06,3.256
6-Jun-06,3.257
7-Jun-06,3.262
8-Jun-06,3.267
9-Jun-06,3.261
12-Jun-06,3.262
13-Jun-06,3.263
14-Jun-06,3.264
15-Jun-06,3.264
16-Jun-06,3.264
19-Jun-06,3.264
20-Jun-06,3.265
21-Jun-06,3.264
22-Jun-06,3.264
23-Jun-06,3.269
26-Jun-06,3.268
27-Jun-06,3.268
28-Jun-06,3.265
29-Jun-06,n.d.
30-Jun-06,3.26
3-Jul-06,3.26
4-Jul-06,3.258
5-Jul-06,3.257
6-Jul-06,3.249
7-Jul-06,3.24
10-Jul-06,3.239
11-Jul-06,3.24
12-Jul-06,3.24
13-Jul-06,3.24
14-Jul-06,3.24
17-Jul-06,3.24
18-Jul-06,3.241
19-Jul-06,3.242
20-Jul-06,3.24
21-Jul-06,3.241
24-Jul-06,3.242
25-Jul-06,3.24
26-Jul-06,3.241
27-Jul-06,3.242
28-Jul-06,n.d.
31-Jul-06,3.242
01Ago06,3.242
02Ago06,3.243
03Ago06,3.243
04Ago06,3.241
07Ago06,3.239
08Ago06,3.229
09Ago06,3.23
10Ago06,3.229
11Ago06,3.228
14Ago06,3.229
15Ago06,3.228
16Ago06,3.226
17Ago06,3.226
18Ago06,3.227
21Ago06,3.23
22Ago06,3.234
23Ago06,3.234
24Ago06,3.236
25Ago06,3.24
28Ago06,3.244
29Ago06,3.252
30Ago06,n.d.
31Ago06,3.241
01Set06,3.241
04Set06,3.243
05Set06,3.244
06Set06,3.245
07Set06,3.244
08Set06,3.245
11Set06,3.251
12Set06,3.252
13Set06,3.253
14Set06,3.257
15Set06,3.25
18Set06,3.246
19Set06,3.246
20Set06,3.248
21Set06,3.248
22Set06,3.25
25Set06,3.251
26Set06,3.249
27Set06,3.251
28Set06,3.253
29Set06,3.25
2-Oct-06,3.25
3-Oct-06,3.247
4-Oct-06,3.249
5-Oct-06,3.25
6-Oct-06,3.249
9-Oct-06,3.248
10-Oct-06,3.245
11-Oct-06,3.245
12-Oct-06,3.245
13-Oct-06,3.246
16-Oct-06,3.245
17-Oct-06,3.244
18-Oct-06,3.244
19-Oct-06,3.242
20-Oct-06,3.233
23-Oct-06,3.221
24-Oct-06,3.223
25-Oct-06,3.226
26-Oct-06,3.228
27-Oct-06,3.224
30-Oct-06,3.217
31-Oct-06,3.216
1-Nov-06,n.d.
2-Nov-06,3.211
3-Nov-06,3.217
6-Nov-06,3.219
7-Nov-06,3.218
8-Nov-06,3.216
9-Nov-06,3.217
10-Nov-06,3.219
13-Nov-06,3.219
14-Nov-06,3.223
15-Nov-06,3.231
16-Nov-06,3.226
17-Nov-06,3.227
20-Nov-06,3.226
21-Nov-06,3.226
22-Nov-06,3.229
23-Nov-06,3.226
24-Nov-06,3.226
27-Nov-06,3.226
28-Nov-06,3.226
29-Nov-06,3.223
30-Nov-06,3.223
01Dic06,3.218
04Dic06,3.216
05Dic06,3.213
06Dic06,3.214
07Dic06,3.212
08Dic06,n.d.
11Dic06,3.209
12Dic06,3.213
13Dic06,3.211
14Dic06,3.209
15Dic06,3.204
18Dic06,3.204
19Dic06,3.204
20Dic06,3.2
21Dic06,3.198
22Dic06,3.198
25Dic06,n.d.
26Dic06,3.2
27Dic06,3.197
28Dic06,3.197
29Dic06,3.197
01Ene07,n.d.
02Ene07,3.193
03Ene07,3.191
04Ene07,3.192
05Ene07,3.192
08Ene07,3.192
09Ene07,3.192
10Ene07,3.194
11Ene07,3.193
12Ene07,3.191
15Ene07,3.193
16Ene07,3.19
17Ene07,3.189
18Ene07,3.188
19Ene07,3.189
22Ene07,3.189
23Ene07,3.191
24Ene07,3.194
25Ene07,3.195
26Ene07,3.198
29Ene07,3.2
30Ene07,3.202
31Ene07,3.199
1-Feb-07,3.197
2-Feb-07,3.195
5-Feb-07,3.195
6-Feb-07,3.194
7-Feb-07,3.191
8-Feb-07,3.19
9-Feb-07,3.192
12-Feb-07,3.193
13-Feb-07,3.192
14-Feb-07,3.19
15-Feb-07,3.189
16-Feb-07,3.187
19-Feb-07,3.188
20-Feb-07,3.189
21-Feb-07,3.189
22-Feb-07,3.189
23-Feb-07,3.189
26-Feb-07,3.187
27-Feb-07,3.189
28-Feb-07,3.19
1-Mar-07,3.191
2-Mar-07,3.189
5-Mar-07,3.189
6-Mar-07,3.188
7-Mar-07,3.187
8-Mar-07,3.187
9-Mar-07,3.187
12-Mar-07,3.186
13-Mar-07,3.186
14-Mar-07,3.185
15-Mar-07,3.185
16-Mar-07,3.186
19-Mar-07,3.188
20-Mar-07,3.187
21-Mar-07,3.187
22-Mar-07,3.186
23-Mar-07,3.185
26-Mar-07,3.183
27-Mar-07,3.182
28-Mar-07,3.184
29-Mar-07,3.184
30-Mar-07,3.184
02Abr07,3.183
03Abr07,3.182
04Abr07,3.181
05Abr07,n.d.
06Abr07,n.d.
09Abr07,3.181
10Abr07,3.182
11Abr07,3.182
12Abr07,3.181
13Abr07,3.181
16Abr07,3.18
17Abr07,3.178
18Abr07,3.178
19Abr07,3.178
20Abr07,3.178
23Abr07,3.179
24Abr07,3.177
25Abr07,3.176
26Abr07,3.174
27Abr07,3.172
30Abr07,3.172
1-May-07,n.d.
2-May-07,3.172
3-May-07,3.172
4-May-07,3.166
7-May-07,3.168
8-May-07,3.167
9-May-07,3.166
10-May-07,3.168
11-May-07,3.169
14-May-07,3.169
15-May-07,3.166
16-May-07,3.165
17-May-07,3.162
18-May-07,3.158
21-May-07,3.163
22-May-07,3.164
23-May-07,3.166
24-May-07,3.169
25-May-07,3.17
28-May-07,3.173
29-May-07,3.173
30-May-07,3.176
31-May-07,3.175
1-Jun-07,3.172
4-Jun-07,3.171
5-Jun-07,3.169
6-Jun-07,3.17
7-Jun-07,3.173
8-Jun-07,3.175
11-Jun-07,3.171
12-Jun-07,3.173
13-Jun-07,3.171
14-Jun-07,3.172
15-Jun-07,3.169
18-Jun-07,3.168
19-Jun-07,3.168
20-Jun-07,3.167
21-Jun-07,3.169
22-Jun-07,3.171
25-Jun-07,3.172
26-Jun-07,3.172
27-Jun-07,3.171
28-Jun-07,3.169
29-Jun-07,n.d.
2-Jul-07,3.168
3-Jul-07,3.167
4-Jul-07,3.166
5-Jul-07,3.165
6-Jul-07,3.165
9-Jul-07,3.164
10-Jul-07,3.161
11-Jul-07,3.159
12-Jul-07,3.158
13-Jul-07,3.158
16-Jul-07,3.16
17-Jul-07,3.159
18-Jul-07,3.158
19-Jul-07,3.158
20-Jul-07,3.158
23-Jul-07,3.158
24-Jul-07,3.157
25-Jul-07,3.159
26-Jul-07,3.164
27-Jul-07,3.164
30-Jul-07,3.164
31-Jul-07,3.161
01Ago07,3.16
02Ago07,3.159
03Ago07,3.159
06Ago07,3.158
07Ago07,3.156
08Ago07,3.152
09Ago07,3.153
10Ago07,3.149
13Ago07,3.153
14Ago07,3.146
15Ago07,3.145
16Ago07,3.166
17Ago07,3.161
20Ago07,3.156
21Ago07,3.168
22Ago07,3.166
23Ago07,3.163
24Ago07,3.165
27Ago07,3.164
28Ago07,3.166
29Ago07,3.165
30Ago07,n.d.
31Ago07,3.163
03Set07,3.163
04Set07,3.163
05Set07,3.165
06Set07,3.166
07Set07,3.162
10Set07,3.162
11Set07,3.16
12Set07,3.155
13Set07,3.145
14Set07,3.138
17Set07,3.139
18Set07,3.132
19Set07,3.126
20Set07,3.121
21Set07,3.113
24Set07,3.115
25Set07,3.113
26Set07,3.106
27Set07,3.098
28Set07,3.087
1-Oct-07,3.065
2-Oct-07,3.044
3-Oct-07,3.026
4-Oct-07,3.021
5-Oct-07,3.021
8-Oct-07,n.d.
9-Oct-07,3.019
10-Oct-07,3.017
11-Oct-07,3.012
12-Oct-07,3.015
15-Oct-07,3.017
16-Oct-07,3.021
17-Oct-07,3.018
18-Oct-07,3.022
19-Oct-07,3.023
22-Oct-07,3.022
23-Oct-07,3.019
24-Oct-07,3.02
25-Oct-07,3.018
26-Oct-07,3.015
29-Oct-07,3.012
30-Oct-07,3.002
31-Oct-07,2.998
1-Nov-07,n.d.
2-Nov-07,3
5-Nov-07,3.002
6-Nov-07,3.006
7-Nov-07,3.005
8-Nov-07,3.003
9-Nov-07,2.995
12-Nov-07,2.994
13-Nov-07,2.992
14-Nov-07,2.997
15-Nov-07,2.997
16-Nov-07,2.997
19-Nov-07,2.999
20-Nov-07,2.999
21-Nov-07,3.005
22-Nov-07,3.004
23-Nov-07,3.008
26-Nov-07,3.016
27-Nov-07,3.013
28-Nov-07,3.001
29-Nov-07,3.001
30-Nov-07,3
03Dic07,2.999
04Dic07,3.001
05Dic07,2.99
06Dic07,2.982
07Dic07,2.974
10Dic07,2.974
11Dic07,2.968
12Dic07,2.97
13Dic07,2.975
14Dic07,2.976
17Dic07,2.976
18Dic07,2.978
19Dic07,2.975
20Dic07,2.976
21Dic07,2.977
24Dic07,2.981
25Dic07,n.d.
26Dic07,2.98
27Dic07,2.989
28Dic07,2.994
31Dic07,2.997
01Ene08,n.d.
02Ene08,2.983
03Ene08,2.971
04Ene08,n.d.
07Ene08,2.97
08Ene08,2.962
09Ene08,2.959
10Ene08,2.96
11Ene08,2.943
14Ene08,2.926
15Ene08,2.935
16Ene08,2.943
17Ene08,2.959
18Ene08,2.947
21Ene08,2.968
22Ene08,2.958
23Ene08,2.952
24Ene08,2.94
25Ene08,2.935
28Ene08,2.937
29Ene08,2.935
30Ene08,2.936
31Ene08,2.934
1-Feb-08,2.932
4-Feb-08,2.929
5-Feb-08,2.927
6-Feb-08,2.923
7-Feb-08,2.92
8-Feb-08,2.91
11-Feb-08,2.911
12-Feb-08,2.907
13-Feb-08,2.902
14-Feb-08,2.9
15-Feb-08,2.905
18-Feb-08,2.905
19-Feb-08,2.9
20-Feb-08,2.9
21-Feb-08,2.899
22-Feb-08,2.898
25-Feb-08,2.898
26-Feb-08,2.895
27-Feb-08,2.893
28-Feb-08,2.891
29-Feb-08,2.887
3-Mar-08,2.885
4-Mar-08,2.88
5-Mar-08,2.872
6-Mar-08,2.857
7-Mar-08,2.843
10-Mar-08,2.827
11-Mar-08,2.811
12-Mar-08,2.814
13-Mar-08,2.814
14-Mar-08,2.81
17-Mar-08,2.812
18-Mar-08,2.809
19-Mar-08,2.796
20-Mar-08,n.d.
21-Mar-08,n.d.
24-Mar-08,2.796
25-Mar-08,2.786
26-Mar-08,2.774
27-Mar-08,2.755
28-Mar-08,2.739
31-Mar-08,2.746
01Abr08,2.735
02Abr08,2.723
03Abr08,2.699
04Abr08,2.693
07Abr08,2.695
08Abr08,2.694
09Abr08,2.698
10Abr08,2.712
11Abr08,2.742
14Abr08,2.728
15Abr08,2.712
16Abr08,2.705
17Abr08,2.71
18Abr08,2.724
21Abr08,2.772
22Abr08,2.824
23Abr08,2.793
24Abr08,2.783
25Abr08,2.816
28Abr08,2.836
29Abr08,2.843
30Abr08,2.851
1-May-08,n.d.
2-May-08,2.79
5-May-08,2.787
6-May-08,2.79
7-May-08,2.771
8-May-08,2.762
9-May-08,2.757
12-May-08,2.762
13-May-08,2.769
14-May-08,2.763
15-May-08,n.d.
16-May-08,n.d.
19-May-08,n.d.
20-May-08,2.805
21-May-08,2.804
22-May-08,2.828
23-May-08,2.849
26-May-08,2.85
27-May-08,2.862
28-May-08,2.868
29-May-08,2.865
30-May-08,2.845
2-Jun-08,2.843
3-Jun-08,2.832
4-Jun-08,2.816
5-Jun-08,2.803
6-Jun-08,2.806
9-Jun-08,2.826
10-Jun-08,2.862
11-Jun-08,2.886
12-Jun-08,2.909
13-Jun-08,2.892
16-Jun-08,2.891
17-Jun-08,2.885
18-Jun-08,2.886
19-Jun-08,2.912
20-Jun-08,2.931
23-Jun-08,2.941
24-Jun-08,2.959
25-Jun-08,2.969
26-Jun-08,2.966
27-Jun-08,2.968
30-Jun-08,2.967
1-Jul-08,2.964
2-Jul-08,2.96
3-Jul-08,2.915
4-Jul-08,2.891
7-Jul-08,2.857
8-Jul-08,2.822
9-Jul-08,2.811
10-Jul-08,2.815
11-Jul-08,2.825
14-Jul-08,2.824
15-Jul-08,2.836
16-Jul-08,2.827
17-Jul-08,2.83
18-Jul-08,2.846
21-Jul-08,2.842
22-Jul-08,2.843
23-Jul-08,2.836
24-Jul-08,2.831
25-Jul-08,2.82
28-Jul-08,n.d.
29-Jul-08,n.d.
30-Jul-08,2.823
31-Jul-08,2.816
01Ago08,2.811
04Ago08,2.778
05Ago08,2.785
06Ago08,2.793
07Ago08,2.812
08Ago08,2.847
11Ago08,2.886
12Ago08,2.914
13Ago08,2.94
14Ago08,2.929
15Ago08,2.946
18Ago08,2.93
19Ago08,2.925
20Ago08,2.911
21Ago08,2.899
22Ago08,2.914
25Ago08,2.931
26Ago08,2.947
27Ago08,2.955
28Ago08,2.956
29Ago08,2.953
01Set08,2.957
02Set08,2.961
03Set08,2.966
04Set08,2.968
05Set08,2.97
08Set08,2.974
09Set08,2.975
10Set08,2.973
11Set08,2.974
12Set08,2.963
15Set08,2.974
16Set08,2.976
17Set08,2.976
18Set08,2.974
19Set08,2.951
22Set08,2.944
23Set08,2.945
24Set08,2.959
25Set08,2.96
26Set08,2.971
29Set08,2.981
30Set08,2.977
1-Oct-08,2.983
2-Oct-08,3.003
3-Oct-08,3.003
6-Oct-08,3.072
7-Oct-08,3.11
8-Oct-08,n.d.
9-Oct-08,3.16
10-Oct-08,3.117
13-Oct-08,3.063
14-Oct-08,3.045
15-Oct-08,3.073
16-Oct-08,3.071
17-Oct-08,3.065
20-Oct-08,3.058
21-Oct-08,3.076
22-Oct-08,3.107
23-Oct-08,3.098
24-Oct-08,3.106
27-Oct-08,3.108
28-Oct-08,3.104
29-Oct-08,3.093
30-Oct-08,3.092
31-Oct-08,3.09
3-Nov-08,3.08
4-Nov-08,3.076
5-Nov-08,3.075
6-Nov-08,3.086
7-Nov-08,3.087
10-Nov-08,3.086
11-Nov-08,3.092
12-Nov-08,3.103
13-Nov-08,3.108
14-Nov-08,3.097
17-Nov-08,3.103
18-Nov-08,3.103
19-Nov-08,3.105
20-Nov-08,n.d.
21-Nov-08,n.d.
24-Nov-08,3.094
25-Nov-08,3.093
26-Nov-08,3.095
27-Nov-08,3.092
28-Nov-08,3.096
01Dic08,3.102
02Dic08,3.111
03Dic08,3.118
04Dic08,3.116
05Dic08,3.12
08Dic08,n.d.
09Dic08,3.117
10Dic08,3.115
11Dic08,3.109
12Dic08,3.112
15Dic08,3.105
16Dic08,3.092
17Dic08,3.078
18Dic08,3.091
19Dic08,3.105
22Dic08,3.113
23Dic08,3.13
24Dic08,3.144
25Dic08,n.d.
26Dic08,n.d.
29Dic08,3.135
30Dic08,3.14
31Dic08,3.142
01Ene09,n.d.
02Ene09,n.d.
05Ene09,3.14
06Ene09,3.134
07Ene09,3.142
08Ene09,3.142
09Ene09,3.134
12Ene09,3.14
13Ene09,3.149
14Ene09,3.151
15Ene09,3.15
16Ene09,3.147
19Ene09,3.153
20Ene09,3.158
21Ene09,3.154
22Ene09,3.154
23Ene09,3.161
26Ene09,3.16
27Ene09,3.162
28Ene09,3.163
29Ene09,3.167
30Ene09,3.174
2-Feb-09,3.192
3-Feb-09,3.215
4-Feb-09,3.239
5-Feb-09,3.242
6-Feb-09,3.23
9-Feb-09,3.22
10-Feb-09,3.234
11-Feb-09,3.239
12-Feb-09,3.233
13-Feb-09,3.23
16-Feb-09,3.236
17-Feb-09,3.245
18-Feb-09,3.244
19-Feb-09,3.247
20-Feb-09,3.25
23-Feb-09,3.249
24-Feb-09,3.251
25-Feb-09,3.247
26-Feb-09,3.243
27-Feb-09,3.251
2-Mar-09,3.255
3-Mar-09,3.259
4-Mar-09,3.254
5-Mar-09,3.254
6-Mar-09,3.234
9-Mar-09,3.222
10-Mar-09,3.195
11-Mar-09,3.179
12-Mar-09,3.185
13-Mar-09,3.176
16-Mar-09,3.15
17-Mar-09,3.147
18-Mar-09,3.147
19-Mar-09,3.111
20-Mar-09,3.112
23-Mar-09,3.121
24-Mar-09,3.135
25-Mar-09,3.135
26-Mar-09,3.13
27-Mar-09,3.137
30-Mar-09,3.16
31-Mar-09,3.161
01Abr09,3.148
02Abr09,3.125
03Abr09,3.124
06Abr09,3.114
07Abr09,3.116
08Abr09,3.109
09Abr09,n.d.
10Abr09,n.d.
13Abr09,3.091
14Abr09,3.092
15Abr09,3.094
16Abr09,3.078
17Abr09,3.08
20Abr09,3.094
21Abr09,3.09
22Abr09,3.084
23Abr09,3.081
24Abr09,3.062
27Abr09,3.06
28Abr09,3.053
29Abr09,3.025
30Abr09,2.995
1-May-09,n.d.
4-May-09,2.974
5-May-09,2.973
6-May-09,2.964
7-May-09,2.958
8-May-09,2.955
11-May-09,2.965
12-May-09,2.985
13-May-09,3.044
14-May-09,3.028
15-May-09,3.021
18-May-09,3.012
19-May-09,3.004
20-May-09,2.988
21-May-09,3
22-May-09,3.001
25-May-09,3.006
26-May-09,3.004
27-May-09,3.004
28-May-09,3.007
29-May-09,2.995
1-Jun-09,2.97
2-Jun-09,2.968
3-Jun-09,2.975
4-Jun-09,2.972
5-Jun-09,2.967
8-Jun-09,2.979
9-Jun-09,2.981
10-Jun-09,2.982
11-Jun-09,2.979
12-Jun-09,2.977
15-Jun-09,2.982
16-Jun-09,2.987
17-Jun-09,3.001
18-Jun-09,2.994
19-Jun-09,2.983
22-Jun-09,3.024
23-Jun-09,3.024
24-Jun-09,3.018
25-Jun-09,3.024
26-Jun-09,3.013
29-Jun-09,n.d.
30-Jun-09,3.011
1-Jul-09,3.006
2-Jul-09,3.016
3-Jul-09,3.017
6-Jul-09,3.022
7-Jul-09,3.018
8-Jul-09,3.028
9-Jul-09,3.025
10-Jul-09,3.03
13-Jul-09,3.027
14-Jul-09,3.023
15-Jul-09,3.016
16-Jul-09,3.012
17-Jul-09,3.01
20-Jul-09,3.012
21-Jul-09,3.015
22-Jul-09,3.008
23-Jul-09,3.004
24-Jul-09,2.998
27-Jul-09,n.d.
28-Jul-09,n.d.
29-Jul-09,n.d.
30-Jul-09,2.989
31-Jul-09,2.987
03Ago09,2.975
04Ago09,2.965
05Ago09,2.954
06Ago09,2.949
07Ago09,2.937
10Ago09,2.935
11Ago09,2.944
12Ago09,2.931
13Ago09,2.929
14Ago09,2.944
17Ago09,2.961
18Ago09,2.951
19Ago09,2.962
20Ago09,2.962
21Ago09,2.953
24Ago09,2.964
25Ago09,2.962
26Ago09,2.956
27Ago09,2.954
28Ago09,2.94
31Ago09,2.948
01Set09,2.952
02Set09,2.949
03Set09,2.944
04Set09,2.936
07Set09,2.932
08Set09,2.92
09Set09,2.922
10Set09,2.928
11Set09,2.925
14Set09,2.923
15Set09,2.919
16Set09,2.902
17Set09,2.898
18Set09,2.895
21Set09,2.902
22Set09,2.89
23Set09,2.871
24Set09,2.878
25Set09,2.882
28Set09,2.883
29Set09,2.891
30Set09,2.885
1-Oct-09,2.891
2-Oct-09,2.885
5-Oct-09,2.872
6-Oct-09,2.864
7-Oct-09,2.867
8-Oct-09,n.d.
9-Oct-09,n.d.
12-Oct-09,2.858
13-Oct-09,2.857
14-Oct-09,2.856
15-Oct-09,2.856
16-Oct-09,2.855
19-Oct-09,2.853
20-Oct-09,2.863
21-Oct-09,2.858
22-Oct-09,2.863
23-Oct-09,2.868
26-Oct-09,2.879
27-Oct-09,2.899
28-Oct-09,2.906
29-Oct-09,2.896
30-Oct-09,2.906
2-Nov-09,2.902
3-Nov-09,2.913
4-Nov-09,2.901
5-Nov-09,2.898
6-Nov-09,2.9
9-Nov-09,2.89
10-Nov-09,2.888
11-Nov-09,2.877
12-Nov-09,2.88
13-Nov-09,2.878
16-Nov-09,2.873
17-Nov-09,2.87
18-Nov-09,2.867
19-Nov-09,2.874
20-Nov-09,2.882
23-Nov-09,2.874
24-Nov-09,2.883
25-Nov-09,2.881
26-Nov-09,2.895
27-Nov-09,2.891
30-Nov-09,2.881
01Dic09,2.876
02Dic09,2.88
03Dic09,2.876
04Dic09,2.872
07Dic09,2.869
08Dic09,n.d.
09Dic09,2.875
10Dic09,2.872
11Dic09,2.875
14Dic09,2.874
15Dic09,2.874
16Dic09,2.87
17Dic09,2.879
18Dic09,2.885
21Dic09,2.884
22Dic09,2.882
23Dic09,2.884
24Dic09,n.d.
25Dic09,n.d.
28Dic09,2.884
29Dic09,2.887
30Dic09,2.891
31Dic09,n.d.
01Ene10,n.d.
04Ene10,2.885
05Ene10,2.873
06Ene10,2.87
07Ene10,2.867
08Ene10,2.854
11Ene10,2.85
12Ene10,2.849
13Ene10,2.847
14Ene10,2.848
15Ene10,2.85
18Ene10,2.852
19Ene10,2.854
20Ene10,2.855
21Ene10,2.852
22Ene10,2.853
25Ene10,2.852
26Ene10,2.856
27Ene10,2.862
28Ene10,2.86
29Ene10,2.857
1-Feb-10,2.854
2-Feb-10,2.85
3-Feb-10,2.853
4-Feb-10,2.86
5-Feb-10,2.865
8-Feb-10,2.873
9-Feb-10,2.864
10-Feb-10,2.859
11-Feb-10,2.853
12-Feb-10,2.856
15-Feb-10,2.855
16-Feb-10,2.85
17-Feb-10,2.849
18-Feb-10,2.851
19-Feb-10,2.852
22-Feb-10,2.851
23-Feb-10,2.851
24-Feb-10,2.85
25-Feb-10,2.851
26-Feb-10,2.849
1-Mar-10,2.846
2-Mar-10,2.846
3-Mar-10,2.844
4-Mar-10,2.844
5-Mar-10,2.841
8-Mar-10,2.841
9-Mar-10,2.842
10-Mar-10,2.841
11-Mar-10,2.839
12-Mar-10,2.838
15-Mar-10,2.84
16-Mar-10,2.838
17-Mar-10,2.837
18-Mar-10,2.838
19-Mar-10,2.838
22-Mar-10,2.838
23-Mar-10,2.838
24-Mar-10,2.837
25-Mar-10,2.838
26-Mar-10,2.84
29-Mar-10,2.841
30-Mar-10,2.84
31-Mar-10,2.842
01Abr10,n.d.
02Abr10,n.d.
05Abr10,2.84
06Abr10,2.839
07Abr10,2.838
08Abr10,2.837
09Abr10,2.837
12Abr10,2.835
13Abr10,2.836
14Abr10,2.835
15Abr10,2.836
16Abr10,2.837
19Abr10,2.837
20Abr10,2.839
21Abr10,2.841
22Abr10,2.846
23Abr10,2.843
26Abr10,2.847
27Abr10,2.848
28Abr10,2.847
29Abr10,2.846
30Abr10,2.849
3-May-10,2.846
4-May-10,2.849
5-May-10,2.851
6-May-10,2.851
7-May-10,2.853
10-May-10,2.846
11-May-10,2.846
12-May-10,2.839
13-May-10,2.838
14-May-10,2.841
17-May-10,2.842
18-May-10,2.841
19-May-10,2.845
20-May-10,2.851
21-May-10,2.846
24-May-10,2.848
25-May-10,2.85
26-May-10,2.846
27-May-10,2.848
28-May-10,2.847
31-May-10,2.845
1-Jun-10,2.845
2-Jun-10,2.845
3-Jun-10,2.846
4-Jun-10,2.849
7-Jun-10,2.85
8-Jun-10,2.848
9-Jun-10,2.846
10-Jun-10,2.846
11-Jun-10,2.845
14-Jun-10,2.843
15-Jun-10,2.839
16-Jun-10,2.839
17-Jun-10,2.836
18-Jun-10,2.831
21-Jun-10,2.827
22-Jun-10,2.827
23-Jun-10,2.829
24-Jun-10,2.828
25-Jun-10,2.827
28-Jun-10,n.d.
29-Jun-10,n.d.
30-Jun-10,2.827
1-Jul-10,2.827
2-Jul-10,2.826
5-Jul-10,2.824
6-Jul-10,2.825
7-Jul-10,2.824
8-Jul-10,2.823
9-Jul-10,2.824
12-Jul-10,2.824
13-Jul-10,2.821
14-Jul-10,2.815
15-Jul-10,2.82
16-Jul-10,2.824
19-Jul-10,2.823
20-Jul-10,2.825
21-Jul-10,2.826
22-Jul-10,2.823
23-Jul-10,2.823
26-Jul-10,2.824
27-Jul-10,2.824
28-Jul-10,n.d.
29-Jul-10,n.d.
30-Jul-10,n.d.
02Ago10,2.818
03Ago10,2.812
04Ago10,2.804
05Ago10,2.801
06Ago10,2.801
09Ago10,2.802
10Ago10,2.805
11Ago10,2.807
12Ago10,2.805
13Ago10,2.806
16Ago10,2.803
17Ago10,2.8
18Ago10,2.798
19Ago10,2.8
20Ago10,2.8
23Ago10,2.8
24Ago10,2.799
25Ago10,2.799
26Ago10,2.796
27Ago10,2.799
30Ago10,n.d.
31Ago10,2.798
01Set10,2.795
02Set10,2.796
03Set10,2.795
06Set10,2.793
07Set10,2.795
08Set10,2.794
09Set10,2.793
10Set10,2.79
13Set10,2.788
14Set10,2.788
15Set10,2.789
16Set10,2.789
17Set10,2.79
20Set10,2.793
21Set10,2.792
22Set10,2.79
23Set10,2.789
24Set10,2.788
27Set10,2.79
28Set10,2.791
29Set10,2.788
30Set10,2.788
1-Oct-10,2.789
4-Oct-10,2.791
5-Oct-10,2.787
6-Oct-10,2.79
7-Oct-10,2.789
8-Oct-10,n.d.
11-Oct-10,2.788
12-Oct-10,2.787
13-Oct-10,2.787
14-Oct-10,2.789
15-Oct-10,2.794
18-Oct-10,2.793
19-Oct-10,2.794
20-Oct-10,2.792
21-Oct-10,2.793
22-Oct-10,2.796
25-Oct-10,2.793
26-Oct-10,2.794
27-Oct-10,2.798
28-Oct-10,2.799
29-Oct-10,2.798
1-Nov-10,n.d.
2-Nov-10,2.795
3-Nov-10,2.794
4-Nov-10,2.793
5-Nov-10,2.793
8-Nov-10,2.796
9-Nov-10,2.798
10-Nov-10,2.801
11-Nov-10,2.8
12-Nov-10,2.802
15-Nov-10,2.806
16-Nov-10,2.809
17-Nov-10,2.811
18-Nov-10,2.806
19-Nov-10,2.807
22-Nov-10,2.81
23-Nov-10,2.812
24-Nov-10,2.81
25-Nov-10,2.811
26-Nov-10,2.817
29-Nov-10,2.826
30-Nov-10,2.832
01Dic10,2.828
02Dic10,2.828
03Dic10,2.826
06Dic10,2.824
07Dic10,2.819
08Dic10,n.d.
09Dic10,2.824
10Dic10,2.827
13Dic10,2.826
14Dic10,2.821
15Dic10,2.819
16Dic10,2.82
17Dic10,2.819
20Dic10,2.813
21Dic10,2.806
22Dic10,2.805
23Dic10,2.801
24Dic10,n.d.
27Dic10,2.8
28Dic10,2.803
29Dic10,2.809
30Dic10,2.809
31Dic10,n.d.
03Ene11,2.803
04Ene11,2.801
05Ene11,2.803
06Ene11,2.805
07Ene11,2.807
10Ene11,2.806
11Ene11,2.801
12Ene11,2.794
13Ene11,2.788
14Ene11,2.789
17Ene11,2.788
18Ene11,2.786
19Ene11,2.78
20Ene11,2.776
21Ene11,2.774
24Ene11,2.774
25Ene11,2.776
26Ene11,2.773
27Ene11,2.772
28Ene11,2.775
31Ene11,2.773
1-Feb-11,2.769
2-Feb-11,2.768
3-Feb-11,2.768
4-Feb-11,2.768
7-Feb-11,2.767
8-Feb-11,2.768
9-Feb-11,2.768
10-Feb-11,2.768
11-Feb-11,2.766
14-Feb-11,2.767
15-Feb-11,2.77
16-Feb-11,2.771
17-Feb-11,2.768
18-Feb-11,2.767
21-Feb-11,2.77
22-Feb-11,2.775
23-Feb-11,2.792
24-Feb-11,2.782
25-Feb-11,2.776
28-Feb-11,2.775
1-Mar-11,2.778
2-Mar-11,2.775
3-Mar-11,2.771
4-Mar-11,2.77
7-Mar-11,2.77
8-Mar-11,2.771
9-Mar-11,2.77
10-Mar-11,2.77
11-Mar-11,2.769
14-Mar-11,2.77
15-Mar-11,2.77
16-Mar-11,2.77
17-Mar-11,2.769
18-Mar-11,2.767
21-Mar-11,2.781
22-Mar-11,2.782
23-Mar-11,2.778
24-Mar-11,2.778
25-Mar-11,2.788
28-Mar-11,2.812
29-Mar-11,2.813
30-Mar-11,2.81
31-Mar-11,2.805
01Abr11,2.807
04Abr11,2.81
05Abr11,2.81
06Abr11,2.81
07Abr11,2.805
08Abr11,2.8
11Abr11,2.8
12Abr11,2.808
13Abr11,2.815
14Abr11,2.822
15Abr11,2.824
18Abr11,2.823
19Abr11,2.823
20Abr11,2.822
21Abr11,n.d.
22Abr11,n.d.
25Abr11,2.823
26Abr11,2.827
27Abr11,2.834
28Abr11,2.825
29Abr11,2.821
2-May-11,n.d.
3-May-11,2.83
4-May-11,2.821
5-May-11,2.818
6-May-11,2.803
9-May-11,2.793
10-May-11,2.792
11-May-11,2.794
12-May-11,2.784
13-May-11,2.767
16-May-11,2.761
17-May-11,2.762
18-May-11,2.755
19-May-11,2.755
20-May-11,2.756
23-May-11,2.758
24-May-11,2.753
25-May-11,2.751
26-May-11,2.748
27-May-11,2.752
30-May-11,2.767
31-May-11,2.767
1-Jun-11,2.777
2-Jun-11,2.768
3-Jun-11,2.763
6-Jun-11,2.787
7-Jun-11,2.788
8-Jun-11,2.782
9-Jun-11,2.764
10-Jun-11,2.764
13-Jun-11,2.76
14-Jun-11,2.763
15-Jun-11,2.762
16-Jun-11,2.761
17-Jun-11,2.761
20-Jun-11,2.76
21-Jun-11,2.756
22-Jun-11,2.757
23-Jun-11,2.76
24-Jun-11,2.761
27-Jun-11,2.759
28-Jun-11,2.756
29-Jun-11,n.d.
30-Jun-11,2.75
1-Jul-11,2.748
4-Jul-11,2.75
5-Jul-11,2.75
6-Jul-11,2.749
7-Jul-11,2.744
8-Jul-11,2.745
11-Jul-11,2.745
12-Jul-11,2.743
13-Jul-11,2.738
14-Jul-11,2.742
15-Jul-11,2.742
18-Jul-11,2.738
19-Jul-11,2.737
20-Jul-11,2.739
21-Jul-11,2.736
22-Jul-11,2.738
25-Jul-11,2.737
26-Jul-11,2.737
27-Jul-11,2.738
28-Jul-11,n.d.
29-Jul-11,n.d.
01Ago11,2.743
02Ago11,2.744
03Ago11,2.743
04Ago11,2.742
05Ago11,2.742
08Ago11,2.753
09Ago11,2.748
10Ago11,2.752
11Ago11,2.745
12Ago11,2.742
15Ago11,2.742
16Ago11,2.741
17Ago11,2.739
18Ago11,2.74
19Ago11,2.736
22Ago11,2.732
23Ago11,2.733
24Ago11,2.733
25Ago11,2.732
26Ago11,2.731
29Ago11,n.d.
30Ago11,n.d.
31Ago11,2.727
01Set11,2.728
02Set11,2.731
05Set11,2.732
06Set11,2.73
07Set11,2.726
08Set11,2.725
09Set11,2.727
12Set11,2.729
13Set11,2.735
14Set11,2.731
15Set11,2.731
16Set11,2.732
19Set11,2.739
20Set11,2.741
21Set11,2.747
22Set11,2.776
23Set11,2.771
26Set11,2.77
27Set11,2.766
28Set11,2.766
29Set11,2.769
30Set11,2.773
3-Oct-11,2.774
4-Oct-11,2.777
5-Oct-11,2.771
6-Oct-11,2.754
7-Oct-11,2.744
10-Oct-11,2.732
11-Oct-11,2.73
12-Oct-11,2.726
13-Oct-11,2.727
14-Oct-11,2.721
17-Oct-11,2.723
18-Oct-11,2.723
19-Oct-11,2.722
20-Oct-11,2.727
21-Oct-11,2.721
24-Oct-11,2.721
25-Oct-11,2.717
26-Oct-11,2.719
27-Oct-11,2.711
28-Oct-11,2.708
31-Oct-11,n.d.
1-Nov-11,n.d.
2-Nov-11,2.712
3-Nov-11,2.709
4-Nov-11,2.708
7-Nov-11,2.705
8-Nov-11,2.704
9-Nov-11,2.707
10-Nov-11,2.709
11-Nov-11,2.704
14-Nov-11,2.705
15-Nov-11,2.706
16-Nov-11,2.703
17-Nov-11,2.701
18-Nov-11,2.7
21-Nov-11,2.702
22-Nov-11,2.702
23-Nov-11,2.706
24-Nov-11,2.707
25-Nov-11,2.713
28-Nov-11,2.709
29-Nov-11,2.706
30-Nov-11,2.7
01Dic11,2.699
02Dic11,2.699
05Dic11,2.698
06Dic11,2.698
07Dic11,2.697
08Dic11,n.d.
09Dic11,2.697
12Dic11,2.701
13Dic11,2.696
14Dic11,2.697
15Dic11,2.696
16Dic11,2.697
19Dic11,2.698
20Dic11,2.695
21Dic11,2.695
22Dic11,2.694
23Dic11,n.d.
26Dic11,2.695
27Dic11,2.696
28Dic11,2.696
29Dic11,2.697
30Dic11,n.d.
02Ene12,2.7
03Ene12,2.696
04Ene12,2.697
05Ene12,2.695
06Ene12,2.694
09Ene12,2.694
10Ene12,2.692
11Ene12,2.693
12Ene12,2.692
13Ene12,2.694
16Ene12,2.694
17Ene12,2.693
18Ene12,2.693
19Ene12,2.693
20Ene12,2.693
23Ene12,2.691
24Ene12,2.692
25Ene12,2.693
26Ene12,2.691
27Ene12,2.691
30Ene12,2.691
31Ene12,2.691
1-Feb-12,2.689
2-Feb-12,2.691
3-Feb-12,2.69
6-Feb-12,2.689
7-Feb-12,2.688
8-Feb-12,2.689
9-Feb-12,2.688
10-Feb-12,2.685
13-Feb-12,2.686
14-Feb-12,2.686
15-Feb-12,2.686
16-Feb-12,2.683
17-Feb-12,2.682
20-Feb-12,2.681
21-Feb-12,2.68
22-Feb-12,2.68
23-Feb-12,2.68
24-Feb-12,2.68
27-Feb-12,2.679
28-Feb-12,2.679
29-Feb-12,2.678
1-Mar-12,2.678
2-Mar-12,2.676
5-Mar-12,2.676
6-Mar-12,2.676
7-Mar-12,2.675
8-Mar-12,2.672
9-Mar-12,2.669
12-Mar-12,2.669
13-Mar-12,2.67
14-Mar-12,2.67
15-Mar-12,2.672
16-Mar-12,2.671
19-Mar-12,2.671
20-Mar-12,2.671
21-Mar-12,2.671
22-Mar-12,2.67
23-Mar-12,2.67
26-Mar-12,2.671
27-Mar-12,2.671
28-Mar-12,2.669
29-Mar-12,2.669
30-Mar-12,2.668
02Abr12,2.668
03Abr12,2.668
04Abr12,2.668
05Abr12,n.d.
06Abr12,n.d.
09Abr12,2.667
10Abr12,2.667
11Abr12,2.665
12Abr12,2.66
13Abr12,2.658
16Abr12,2.657
17Abr12,2.657
18Abr12,2.655
19Abr12,2.654
20Abr12,2.652
23Abr12,2.652
24Abr12,2.652
25Abr12,2.65
26Abr12,2.647
27Abr12,2.641
30Abr12,n.d.
1-May-12,n.d.
2-May-12,2.638
3-May-12,2.64
4-May-12,2.645
7-May-12,2.639
8-May-12,2.643
9-May-12,2.646
10-May-12,2.648
11-May-12,2.655
14-May-12,2.664
15-May-12,2.67
16-May-12,2.667
17-May-12,2.672
18-May-12,2.669
21-May-12,2.67
22-May-12,2.672
23-May-12,2.689
24-May-12,2.694
25-May-12,2.701
28-May-12,2.7
29-May-12,2.701
30-May-12,2.706
31-May-12,2.71
1-Jun-12,2.709
4-Jun-12,2.704
5-Jun-12,2.702
6-Jun-12,2.683
7-Jun-12,2.675
8-Jun-12,2.683
11-Jun-12,2.682
12-Jun-12,2.684
13-Jun-12,2.678
14-Jun-12,2.672
15-Jun-12,2.665
18-Jun-12,2.642
19-Jun-12,2.642
20-Jun-12,2.641
21-Jun-12,2.653
22-Jun-12,2.653
25-Jun-12,2.659
26-Jun-12,2.663
27-Jun-12,2.662
28-Jun-12,2.671
29-Jun-12,n.d.
2-Jul-12,2.655
3-Jul-12,2.647
4-Jul-12,2.646
5-Jul-12,2.65
6-Jul-12,2.65
9-Jul-12,2.641
10-Jul-12,2.634
11-Jul-12,2.633
12-Jul-12,2.633
13-Jul-12,2.628
16-Jul-12,2.624
17-Jul-12,2.62
18-Jul-12,2.62
19-Jul-12,2.621
20-Jul-12,2.631
23-Jul-12,2.651
24-Jul-12,2.642
25-Jul-12,2.638
26-Jul-12,2.633
27-Jul-12,n.d.
30-Jul-12,2.625
31-Jul-12,2.629
01Ago12,2.625
02Ago12,2.63
03Ago12,2.622
06Ago12,2.619
07Ago12,2.62
08Ago12,2.618
09Ago12,2.617
10Ago12,2.618
13Ago12,2.618
14Ago12,2.616
15Ago12,2.615
16Ago12,2.614
17Ago12,2.613
20Ago12,2.613
21Ago12,2.612
22Ago12,2.613
23Ago12,2.615
24Ago12,2.614
27Ago12,2.613
28Ago12,2.612
29Ago12,2.61
30Ago12,n.d.
31Ago12,n.d.
03Set12,2.608
04Set12,2.608
05Set12,2.611
06Set12,2.611
07Set12,2.61
10Set12,2.609
11Set12,2.608
12Set12,2.606
13Set12,2.604
14Set12,2.598
17Set12,2.601
18Set12,2.602
19Set12,2.602
20Set12,2.603
21Set12,2.601
24Set12,2.599
25Set12,2.596
26Set12,2.597
27Set12,2.594
28Set12,2.598
1-Oct-12,n.d.
2-Oct-12,n.d.
3-Oct-12,2.599
4-Oct-12,2.597
5-Oct-12,2.594
8-Oct-12,n.d.
9-Oct-12,2.588
10-Oct-12,2.585
11-Oct-12,2.586
12-Oct-12,2.587
15-Oct-12,2.585
16-Oct-12,2.583
17-Oct-12,2.582
18-Oct-12,2.579
19-Oct-12,2.58
22-Oct-12,2.578
23-Oct-12,2.58
24-Oct-12,2.582
25-Oct-12,2.586
26-Oct-12,2.599
29-Oct-12,2.602
30-Oct-12,2.598
31-Oct-12,2.592
1-Nov-12,n.d.
2-Nov-12,n.d.
5-Nov-12,2.604
6-Nov-12,2.608
7-Nov-12,2.604
8-Nov-12,2.606
9-Nov-12,2.612
12-Nov-12,2.613
13-Nov-12,2.616
14-Nov-12,2.606
15-Nov-12,2.603
16-Nov-12,2.607
19-Nov-12,2.6
20-Nov-12,2.598
21-Nov-12,2.597
22-Nov-12,2.591
23-Nov-12,2.59
26-Nov-12,2.589
27-Nov-12,2.588
28-Nov-12,2.589
29-Nov-12,2.583
30-Nov-12,2.579
03Dic12,2.579
04Dic12,2.58
05Dic12,2.581
06Dic12,2.579
07Dic12,2.575
10Dic12,2.575
11Dic12,2.573
12Dic12,2.57
13Dic12,2.565
14Dic12,2.564
17Dic12,2.562
18Dic12,2.563
19Dic12,2.564
20Dic12,2.563
21Dic12,2.564
24Dic12,n.d.
25Dic12,n.d.
26Dic12,2.557
27Dic12,2.551
28Dic12,2.551
31Dic12,n.d.
01Ene13,n.d.
02Ene13,2.549
03Ene13,2.551
04Ene13,2.547
07Ene13,2.547
08Ene13,2.547
09Ene13,2.549
10Ene13,2.551
11Ene13,2.55
14Ene13,2.541
15Ene13,2.541
16Ene13,2.545
17Ene13,2.548
18Ene13,2.554
21Ene13,2.552
22Ene13,2.555
23Ene13,2.553
24Ene13,2.555
25Ene13,2.557
28Ene13,2.56
29Ene13,2.563
30Ene13,2.56
31Ene13,2.578
1-Feb-13,2.572
4-Feb-13,2.577
5-Feb-13,2.577
6-Feb-13,2.577
7-Feb-13,2.579
8-Feb-13,2.579
11-Feb-13,n.d.
12-Feb-13,2.579
13-Feb-13,2.572
14-Feb-13,2.567
15-Feb-13,2.57
18-Feb-13,2.574
19-Feb-13,2.583
20-Feb-13,2.583
21-Feb-13,2.586
22-Feb-13,2.583
25-Feb-13,2.583
26-Feb-13,2.583
27-Feb-13,2.581
28-Feb-13,2.587
1-Mar-13,2.593
4-Mar-13,2.598
5-Mar-13,2.594
6-Mar-13,2.597
7-Mar-13,2.604
8-Mar-13,2.603
11-Mar-13,2.599
12-Mar-13,2.591
13-Mar-13,2.593
14-Mar-13,2.594
15-Mar-13,2.593
18-Mar-13,2.599
19-Mar-13,2.596
20-Mar-13,2.594
21-Mar-13,2.594
22-Mar-13,2.591
25-Mar-13,2.588
26-Mar-13,2.586
27-Mar-13,2.589
28-Mar-13,n.d.
29-Mar-13,n.d.
01Abr13,2.59
02Abr13,2.588
03Abr13,2.587
04Abr13,2.586
05Abr13,2.584
08Abr13,2.578
09Abr13,2.577
10Abr13,2.577
11Abr13,2.58
12Abr13,2.585
15Abr13,2.591
16Abr13,2.59
17Abr13,2.591
18Abr13,2.592
19Abr13,2.593
22Abr13,2.596
23Abr13,2.605
24Abr13,2.624
25Abr13,2.624
26Abr13,2.627
29Abr13,2.646
30Abr13,2.646
1-May-13,n.d.
2-May-13,2.648
3-May-13,2.63
6-May-13,2.622
7-May-13,2.613
8-May-13,2.616
9-May-13,2.609
10-May-13,2.605
13-May-13,2.602
14-May-13,2.6
15-May-13,2.616
16-May-13,2.629
17-May-13,2.645
20-May-13,2.644
21-May-13,2.646
22-May-13,2.648
23-May-13,2.666
24-May-13,2.676
27-May-13,2.676
28-May-13,2.676
29-May-13,2.686
30-May-13,2.718
31-May-13,2.734
3-Jun-13,2.724
4-Jun-13,2.711
5-Jun-13,2.713
6-Jun-13,2.73
7-Jun-13,2.727
10-Jun-13,2.746
11-Jun-13,2.755
12-Jun-13,2.748
13-Jun-13,2.726
14-Jun-13,2.723
17-Jun-13,2.735
18-Jun-13,2.745
19-Jun-13,2.742
20-Jun-13,2.775
21-Jun-13,2.785
24-Jun-13,2.786
25-Jun-13,2.784
26-Jun-13,2.782
27-Jun-13,2.783
28-Jun-13,n.d.
1-Jul-13,2.782
2-Jul-13,2.789
3-Jul-13,2.787
4-Jul-13,2.784
5-Jul-13,2.792
8-Jul-13,2.782
9-Jul-13,2.772
10-Jul-13,2.783
11-Jul-13,2.777
12-Jul-13,2.771
15-Jul-13,2.767
16-Jul-13,2.762
17-Jul-13,2.756
18-Jul-13,2.767
19-Jul-13,2.769
22-Jul-13,2.771
23-Jul-13,2.78
24-Jul-13,2.784
25-Jul-13,2.786
26-Jul-13,2.786
29-Jul-13,n.d.
30-Jul-13,n.d.
31-Jul-13,2.794
01Ago13,2.797
02Ago13,2.79
05Ago13,2.792
06Ago13,2.796
07Ago13,2.8
08Ago13,2.793
09Ago13,2.792
12Ago13,2.796
13Ago13,2.798
14Ago13,2.798
15Ago13,2.799
16Ago13,2.799
19Ago13,2.8
20Ago13,2.816
21Ago13,2.82
22Ago13,2.81
23Ago13,2.812
26Ago13,2.813
27Ago13,2.813
28Ago13,2.81
29Ago13,2.808
30Ago13,n.d.
02Set13,2.808
03Set13,2.81
04Set13,2.808
05Set13,2.81
06Set13,2.806
09Set13,2.799
10Set13,2.797
11Set13,2.789
12Set13,2.774
13Set13,2.777
16Set13,2.764
17Set13,2.771
18Set13,2.775
19Set13,2.75
20Set13,2.742
23Set13,2.747
24Set13,2.757
25Set13,2.764
26Set13,2.766
27Set13,2.779
30Set13,2.782
1-Oct-13,2.782
2-Oct-13,2.781
3-Oct-13,2.778
4-Oct-13,2.779
7-Oct-13,n.d.
8-Oct-13,n.d.
9-Oct-13,2.788
10-Oct-13,2.786
11-Oct-13,2.774
14-Oct-13,2.772
15-Oct-13,2.77
16-Oct-13,2.764
17-Oct-13,2.756
18-Oct-13,2.766
21-Oct-13,2.776
22-Oct-13,2.767
23-Oct-13,2.765
24-Oct-13,2.763
25-Oct-13,2.759
28-Oct-13,2.761
29-Oct-13,2.758
30-Oct-13,2.758
31-Oct-13,2.77
1-Nov-13,n.d.
4-Nov-13,2.778
5-Nov-13,2.789
6-Nov-13,2.79
7-Nov-13,2.794
8-Nov-13,2.802
11-Nov-13,2.802
12-Nov-13,2.8
13-Nov-13,2.8
14-Nov-13,2.8
15-Nov-13,2.8
18-Nov-13,2.801
19-Nov-13,2.802
20-Nov-13,2.802
21-Nov-13,2.803
22-Nov-13,2.804
25-Nov-13,2.804
26-Nov-13,2.805
27-Nov-13,2.802
28-Nov-13,2.803
29-Nov-13,2.802
02Dic13,2.803
03Dic13,2.805
04Dic13,2.805
05Dic13,2.802
06Dic13,2.8
09Dic13,2.793
10Dic13,2.792
11Dic13,2.793
12Dic13,2.786
13Dic13,2.769
16Dic13,2.764
17Dic13,2.765
18Dic13,2.782
19Dic13,2.782
20Dic13,2.773
23Dic13,2.766
24Dic13,2.774
25Dic13,n.d.
26Dic13,2.786
27Dic13,2.786
30Dic13,2.796
31Dic13,n.d.
01Ene14,n.d.
02Ene14,2.804
03Ene14,2.807
06Ene14,2.808
07Ene14,2.802
08Ene14,2.804
09Ene14,2.803
10Ene14,2.799
13Ene14,2.799
14Ene14,2.801
15Ene14,2.805
16Ene14,2.809
17Ene14,2.807
20Ene14,2.81
21Ene14,2.809
22Ene14,2.808
23Ene14,2.81
24Ene14,2.82
27Ene14,2.822
28Ene14,2.823
29Ene14,2.824
30Ene14,2.819
31Ene14,2.822
3-Feb-14,2.825
4-Feb-14,2.824
5-Feb-14,2.825
6-Feb-14,2.822
7-Feb-14,2.822
10-Feb-14,2.819
11-Feb-14,2.817
12-Feb-14,2.816
13-Feb-14,2.817
14-Feb-14,2.815
17-Feb-14,2.803
18-Feb-14,2.807
19-Feb-14,2.809
20-Feb-14,2.809
21-Feb-14,2.808
24-Feb-14,2.808
25-Feb-14,2.808
26-Feb-14,2.81
27-Feb-14,2.804
28-Feb-14,2.801
3-Mar-14,2.804
4-Mar-14,2.801
5-Mar-14,2.798
6-Mar-14,2.799
7-Mar-14,2.803
10-Mar-14,2.805
11-Mar-14,2.802
12-Mar-14,2.807
13-Mar-14,2.807
14-Mar-14,2.803
17-Mar-14,2.807
18-Mar-14,2.809
19-Mar-14,2.814
20-Mar-14,2.813
21-Mar-14,2.812
24-Mar-14,2.81
25-Mar-14,2.812
26-Mar-14,2.812
27-Mar-14,2.811
28-Mar-14,2.811
31-Mar-14,2.809
01Abr14,2.807
02Abr14,2.808
03Abr14,2.811
04Abr14,2.81
07Abr14,2.804
08Abr14,2.791
09Abr14,2.796
10Abr14,2.789
11Abr14,2.786
14Abr14,2.776
15Abr14,2.774
16Abr14,2.781
17Abr14,n.d.
18Abr14,n.d.
21Abr14,2.777
22Abr14,2.783
23Abr14,2.793
24Abr14,2.791
25Abr14,2.803
28Abr14,2.808
29Abr14,2.808
30Abr14,2.809
1-May-14,n.d.
2-May-14,2.805
5-May-14,2.806
6-May-14,2.803
7-May-14,2.8
8-May-14,2.788
9-May-14,2.787
12-May-14,2.786
13-May-14,2.786
14-May-14,2.785
15-May-14,2.787
16-May-14,2.786
19-May-14,2.788
20-May-14,2.791
21-May-14,2.79
22-May-14,2.789
23-May-14,2.787
26-May-14,2.789
27-May-14,2.786
28-May-14,2.776
29-May-14,2.761
30-May-14,2.767
2-Jun-14,2.774
3-Jun-14,2.779
4-Jun-14,2.786
5-Jun-14,2.786
6-Jun-14,2.784
9-Jun-14,2.788
10-Jun-14,2.789
11-Jun-14,2.797
12-Jun-14,2.797
13-Jun-14,2.793
16-Jun-14,2.795
17-Jun-14,2.803
18-Jun-14,2.803
19-Jun-14,2.8
20-Jun-14,2.808
23-Jun-14,2.805
24-Jun-14,2.804
25-Jun-14,2.804
26-Jun-14,2.806
27-Jun-14,2.801
30-Jun-14,2.796
1-Jul-14,2.797
2-Jul-14,2.795
3-Jul-14,2.785
4-Jul-14,2.779
7-Jul-14,2.773
8-Jul-14,2.782
9-Jul-14,2.785
10-Jul-14,2.781
11-Jul-14,2.784
14-Jul-14,2.786
15-Jul-14,2.784
16-Jul-14,2.784
17-Jul-14,2.793
18-Jul-14,2.79
21-Jul-14,2.794
22-Jul-14,2.788
23-Jul-14,2.789
24-Jul-14,2.785
25-Jul-14,2.787
28-Jul-14,n.d.
29-Jul-14,n.d.
30-Jul-14,2.79
31-Jul-14,2.797
01Ago14,2.797
04Ago14,2.803
05Ago14,2.813
06Ago14,2.812
07Ago14,2.81
08Ago14,2.803
11Ago14,2.79
12Ago14,2.79
13Ago14,2.794
14Ago14,2.795
15Ago14,2.798
18Ago14,2.818
19Ago14,2.82
20Ago14,2.827
21Ago14,2.825
22Ago14,2.828
25Ago14,2.834
26Ago14,2.834
27Ago14,2.841
28Ago14,2.847
29Ago14,2.845
01Set14,2.85
02Set14,2.853
03Set14,2.851
04Set14,2.855
05Set14,2.849
08Set14,2.85
09Set14,2.857
10Set14,2.856
11Set14,2.856
12Set14,2.86
15Set14,2.861
16Set14,2.859
17Set14,2.859
18Set14,2.863
19Set14,2.865
22Set14,2.871
23Set14,2.875
24Set14,2.877
25Set14,2.879
26Set14,2.896
29Set14,2.895
30Set14,2.892
1-Oct-14,2.892
2-Oct-14,2.896
3-Oct-14,2.905
6-Oct-14,2.903
7-Oct-14,2.905
8-Oct-14,n.d.
9-Oct-14,2.907
10-Oct-14,2.906
13-Oct-14,2.904
14-Oct-14,2.905
15-Oct-14,2.908
16-Oct-14,2.907
17-Oct-14,2.903
20-Oct-14,2.904
21-Oct-14,2.902
22-Oct-14,2.906
23-Oct-14,2.909
24-Oct-14,2.91
27-Oct-14,2.915
28-Oct-14,2.916
29-Oct-14,2.915
30-Oct-14,2.918
31-Oct-14,2.923
3-Nov-14,2.925
4-Nov-14,2.928
5-Nov-14,2.93
6-Nov-14,2.932
7-Nov-14,2.928
10-Nov-14,2.93
11-Nov-14,2.931
12-Nov-14,2.935
13-Nov-14,2.935
14-Nov-14,2.935
17-Nov-14,2.933
18-Nov-14,2.93
19-Nov-14,2.93
20-Nov-14,2.924
21-Nov-14,2.918
24-Nov-14,2.918
25-Nov-14,2.917
26-Nov-14,2.914
27-Nov-14,2.913
28-Nov-14,2.92
01Dic14,2.929
02Dic14,2.939
03Dic14,2.942
04Dic14,2.947
05Dic14,2.952
08Dic14,n.d.
09Dic14,2.962
10Dic14,2.961
11Dic14,2.969
12Dic14,2.965
15Dic14,2.964
16Dic14,2.969
17Dic14,2.961
18Dic14,2.944
19Dic14,2.95
22Dic14,2.974
23Dic14,2.976
24Dic14,2.979
25Dic14,n.d.
26Dic14,2.976
29Dic14,2.988
30Dic14,2.99
31Dic14,2.989
01Ene15,n.d.
02Ene15,n.d.
05Ene15,2.992
06Ene15,2.983
07Ene15,2.987
08Ene15,2.989
09Ene15,2.986
12Ene15,2.989
13Ene15,2.985
14Ene15,2.994
15Ene15,2.997
16Ene15,3.013
19Ene15,3.012
20Ene15,3.009
21Ene15,3.011
22Ene15,3.004
23Ene15,3.012
26Ene15,3.02
27Ene15,3.024
28Ene15,3.029
29Ene15,3.045
30Ene15,3.058
2-Feb-15,3.06
3-Feb-15,3.059
4-Feb-15,3.062
5-Feb-15,3.063
6-Feb-15,3.068
9-Feb-15,3.065
10-Feb-15,3.076
11-Feb-15,3.094
12-Feb-15,3.082
13-Feb-15,3.075
16-Feb-15,3.085
17-Feb-15,3.083
18-Feb-15,3.086
19-Feb-15,3.087
20-Feb-15,3.089
23-Feb-15,3.09
24-Feb-15,3.095
25-Feb-15,3.095
26-Feb-15,3.094
27-Feb-15,3.095
2-Mar-15,3.097
3-Mar-15,3.093
4-Mar-15,3.094
5-Mar-15,3.098
6-Mar-15,3.101
9-Mar-15,3.1
10-Mar-15,3.1
11-Mar-15,3.101
12-Mar-15,3.099
13-Mar-15,3.099
16-Mar-15,3.099
17-Mar-15,3.098
18-Mar-15,3.1
19-Mar-15,3.096
20-Mar-15,3.091
23-Mar-15,3.08
24-Mar-15,3.075
25-Mar-15,3.066
26-Mar-15,3.077
27-Mar-15,3.091
30-Mar-15,3.096
31-Mar-15,3.097
01Abr15,3.095
02Abr15,n.d.
03Abr15,n.d.
06Abr15,3.093
07Abr15,3.099
08Abr15,3.104
09Abr15,3.113
10Abr15,3.123
13Abr15,3.125
14Abr15,3.12
15Abr15,3.125
16Abr15,3.125
17Abr15,3.127
20Abr15,3.132
21Abr15,3.132
22Abr15,3.134
23Abr15,3.134
24Abr15,3.136
27Abr15,3.135
28Abr15,3.128
29Abr15,3.122
30Abr15,3.127
1-May-15,n.d.
4-May-15,3.138
5-May-15,3.148
6-May-15,3.145
7-May-15,3.153
8-May-15,3.15
11-May-15,3.154
12-May-15,3.153
13-May-15,3.153
14-May-15,3.151
15-May-15,3.148
18-May-15,3.151
19-May-15,3.155
20-May-15,3.158
21-May-15,3.151
22-May-15,3.148
25-May-15,3.151
26-May-15,3.155
27-May-15,3.156
28-May-15,3.158
29-May-15,3.158
1-Jun-15,3.158
2-Jun-15,3.157
3-Jun-15,3.154
4-Jun-15,3.149
5-Jun-15,3.153
8-Jun-15,3.154
9-Jun-15,3.153
10-Jun-15,3.154
11-Jun-15,3.155
12-Jun-15,3.156
15-Jun-15,3.158
16-Jun-15,3.162
17-Jun-15,3.165
18-Jun-15,3.163
19-Jun-15,3.167
22-Jun-15,3.174
23-Jun-15,3.18
24-Jun-15,3.177
25-Jun-15,3.17
26-Jun-15,3.173
29-Jun-15,n.d.
30-Jun-15,3.179
1-Jul-15,3.179
2-Jul-15,3.175
3-Jul-15,3.174
6-Jul-15,3.178
7-Jul-15,3.182
8-Jul-15,3.187
9-Jul-15,3.182
10-Jul-15,3.179
13-Jul-15,3.178
14-Jul-15,3.179
15-Jul-15,3.182
16-Jul-15,3.179
17-Jul-15,3.182
20-Jul-15,3.186
21-Jul-15,3.182
22-Jul-15,3.187
23-Jul-15,3.191
24-Jul-15,3.191
27-Jul-15,n.d.
28-Jul-15,n.d.
29-Jul-15,n.d.
30-Jul-15,3.193
31-Jul-15,3.192
03Ago15,3.193
04Ago15,3.194
05Ago15,3.202
06Ago15,3.205
07Ago15,3.203
10Ago15,3.201
11Ago15,3.216
12Ago15,3.229
13Ago15,3.233
14Ago15,3.239
17Ago15,3.245
18Ago15,3.249
19Ago15,3.254
20Ago15,3.265
21Ago15,3.274
24Ago15,3.279
25Ago15,3.281
26Ago15,3.305
27Ago15,3.281
28Ago15,3.255
31Ago15,3.237
01Set15,3.247
02Set15,3.255
03Set15,3.231
04Set15,3.215
07Set15,3.227
08Set15,3.226
09Set15,3.221
10Set15,3.221
11Set15,3.214
14Set15,3.208
15Set15,3.21
16Set15,3.208
17Set15,3.197
18Set15,3.195
21Set15,3.195
22Set15,3.212
23Set15,3.224
24Set15,3.227
25Set15,3.222
28Set15,3.234
29Set15,3.239
30Set15,3.223
1-Oct-15,3.231
2-Oct-15,3.227
5-Oct-15,3.218
6-Oct-15,3.223
7-Oct-15,3.221
8-Oct-15,n.d.
9-Oct-15,n.d.
12-Oct-15,3.229
13-Oct-15,3.236
14-Oct-15,3.242
15-Oct-15,3.236
16-Oct-15,3.242
19-Oct-15,3.253
20-Oct-15,3.258
21-Oct-15,3.262
22-Oct-15,3.257
23-Oct-15,3.267
26-Oct-15,3.27
27-Oct-15,3.28
28-Oct-15,3.279
29-Oct-15,3.288
30-Oct-15,3.287
2-Nov-15,3.287
3-Nov-15,3.287
4-Nov-15,3.29
5-Nov-15,3.302
6-Nov-15,3.315
9-Nov-15,3.31
10-Nov-15,3.314
11-Nov-15,3.316
12-Nov-15,3.323
13-Nov-15,3.332
16-Nov-15,3.343
17-Nov-15,3.346
18-Nov-15,3.357
19-Nov-15,3.356
20-Nov-15,3.36
23-Nov-15,3.376
24-Nov-15,3.377
25-Nov-15,3.385
26-Nov-15,3.379
27-Nov-15,3.378
30-Nov-15,3.376
01Dic15,3.377
02Dic15,3.373
03Dic15,3.369
04Dic15,3.372
07Dic15,3.377
08Dic15,n.d.
09Dic15,3.375
10Dic15,3.376
11Dic15,3.379
14Dic15,3.382
15Dic15,3.377
16Dic15,3.372
17Dic15,3.376
18Dic15,3.379
21Dic15,3.383
22Dic15,3.391
23Dic15,3.398
24Dic15,3.398
25Dic15,n.d.
28Dic15,3.402
29Dic15,3.408
30Dic15,3.41
31Dic15,3.413
01Ene16,n.d.
04Ene16,3.43
05Ene16,3.417
06Ene16,3.417
07Ene16,3.423
08Ene16,3.428
11Ene16,3.428
12Ene16,3.426
13Ene16,3.421
14Ene16,3.425
15Ene16,3.43
18Ene16,3.431
19Ene16,3.433
20Ene16,3.442
21Ene16,3.446
22Ene16,3.447
25Ene16,3.458
26Ene16,3.469
27Ene16,3.466
28Ene16,3.469
29Ene16,3.471
1-Feb-16,3.485
2-Feb-16,3.489
3-Feb-16,3.494
4-Feb-16,3.478
5-Feb-16,3.482
8-Feb-16,3.492
9-Feb-16,3.5
10-Feb-16,3.507
11-Feb-16,3.513
12-Feb-16,3.509
15-Feb-16,3.505
16-Feb-16,3.508
17-Feb-16,3.506
18-Feb-16,3.505
19-Feb-16,3.514
22-Feb-16,3.521
23-Feb-16,3.527
24-Feb-16,3.538
25-Feb-16,3.533
26-Feb-16,3.525
29-Feb-16,3.527
1-Mar-16,3.522
2-Mar-16,3.512
3-Mar-16,3.47
4-Mar-16,3.446
7-Mar-16,3.465
8-Mar-16,3.471
9-Mar-16,3.441
10-Mar-16,3.436
11-Mar-16,3.389
14-Mar-16,3.363
15-Mar-16,3.348
16-Mar-16,3.375
17-Mar-16,3.347
18-Mar-16,3.374
21-Mar-16,3.393
22-Mar-16,3.415
23-Mar-16,3.403
24-Mar-16,n.d.
25-Mar-16,n.d.
28-Mar-16,3.361
29-Mar-16,3.384
30-Mar-16,3.363
31-Mar-16,3.328
01Abr16,3.344
04Abr16,3.352
05Abr16,3.36
06Abr16,3.376
07Abr16,3.403
08Abr16,3.392
11Abr16,3.326
12Abr16,3.277
13Abr16,3.271
14Abr16,3.275
15Abr16,3.276
18Abr16,3.278
19Abr16,3.254
20Abr16,3.25
21Abr16,3.256
22Abr16,3.272
25Abr16,3.279
26Abr16,3.285
27Abr16,3.29
28Abr16,3.28
29Abr16,3.274
2-May-16,3.292
3-May-16,3.322
4-May-16,3.334
5-May-16,3.321
6-May-16,3.319
9-May-16,3.339
10-May-16,3.334
11-May-16,3.332
12-May-16,3.331
13-May-16,3.338
16-May-16,3.333
17-May-16,3.321
18-May-16,3.323
19-May-16,3.342
20-May-16,3.348
23-May-16,3.347
24-May-16,3.339
25-May-16,3.341
26-May-16,3.344
27-May-16,3.359
30-May-16,3.363
31-May-16,3.374
1-Jun-16,3.382
2-Jun-16,3.369
3-Jun-16,3.353
6-Jun-16,3.321
7-Jun-16,3.308
8-Jun-16,3.294
9-Jun-16,3.306
10-Jun-16,3.32
13-Jun-16,3.331
14-Jun-16,3.338
15-Jun-16,3.322
16-Jun-16,3.34
17-Jun-16,3.32
20-Jun-16,3.291
21-Jun-16,3.288
22-Jun-16,3.285
23-Jun-16,3.284
24-Jun-16,3.316
27-Jun-16,3.321
28-Jun-16,3.306
29-Jun-16,n.d.
30-Jun-16,3.292
1-Jul-16,3.288
4-Jul-16,3.287
5-Jul-16,3.288
6-Jul-16,3.281
7-Jul-16,3.285
8-Jul-16,3.279
11-Jul-16,3.281
12-Jul-16,3.282
13-Jul-16,3.282
14-Jul-16,3.28
15-Jul-16,3.279
18-Jul-16,3.281
19-Jul-16,3.295
20-Jul-16,3.311
21-Jul-16,3.323
22-Jul-16,3.324
25-Jul-16,3.346
26-Jul-16,3.362
27-Jul-16,3.36
28-Jul-16,n.d.
29-Jul-16,n.d.
01Ago16,3.346
02Ago16,3.348
03Ago16,3.355
04Ago16,3.342
05Ago16,3.338
08Ago16,3.32
09Ago16,3.304
10Ago16,3.31
11Ago16,3.309
12Ago16,3.318
15Ago16,3.311
16Ago16,3.31
17Ago16,3.318
18Ago16,3.307
19Ago16,3.323
22Ago16,3.342
23Ago16,3.358
24Ago16,3.355
25Ago16,3.352
26Ago16,3.346
29Ago16,3.371
30Ago16,n.d.
31Ago16,3.395
01Set16,3.399
02Set16,3.391
05Set16,3.399
06Set16,3.375
07Set16,3.359
08Set16,3.371
09Set16,3.386
12Set16,3.401
13Set16,3.413
14Set16,3.399
15Set16,3.39
16Set16,3.396
19Set16,3.39
20Set16,3.389
21Set16,3.381
22Set16,3.356
23Set16,3.357
26Set16,3.366
27Set16,3.371
28Set16,3.378
29Set16,3.388
30Set16,3.403
3-Oct-16,3.393
4-Oct-16,3.398
5-Oct-16,3.404
6-Oct-16,3.411
7-Oct-16,3.408
10-Oct-16,3.398
11-Oct-16,3.401
12-Oct-16,3.408
13-Oct-16,3.411
14-Oct-16,3.403
17-Oct-16,3.4
18-Oct-16,3.388
19-Oct-16,3.382
20-Oct-16,3.385
21-Oct-16,3.369
24-Oct-16,3.352
25-Oct-16,3.361
26-Oct-16,3.367
27-Oct-16,3.375
28-Oct-16,3.363
31-Oct-16,3.365
1-Nov-16,n.d.
2-Nov-16,3.38
3-Nov-16,3.38
4-Nov-16,3.385
7-Nov-16,3.376
8-Nov-16,3.364
9-Nov-16,3.377
10-Nov-16,3.406
11-Nov-16,3.413
14-Nov-16,3.423
15-Nov-16,3.424
16-Nov-16,3.418
17-Nov-16,n.d.
18-Nov-16,n.d.
21-Nov-16,3.416
22-Nov-16,3.421
23-Nov-16,3.426
24-Nov-16,3.42
25-Nov-16,3.418
28-Nov-16,3.416
29-Nov-16,3.422
30-Nov-16,3.413
01Dic16,3.418
02Dic16,3.415
05Dic16,3.423
06Dic16,3.419
07Dic16,3.408
08Dic16,n.d.
09Dic16,3.402
12Dic16,3.404
13Dic16,3.4
14Dic16,3.397
15Dic16,3.406
16Dic16,3.402
19Dic16,3.408
20Dic16,3.406
21Dic16,3.398
22Dic16,3.398
23Dic16,3.386
26Dic16,3.394
27Dic16,3.385
28Dic16,3.37
29Dic16,3.358
30Dic16,3.36
02Ene17,3.363
03Ene17,3.378
04Ene17,3.391
05Ene17,3.373
06Ene17,3.375
09Ene17,3.382
10Ene17,3.39
11Ene17,3.392
12Ene17,3.366
13Ene17,3.366
16Ene17,3.371
17Ene17,3.353
18Ene17,3.351
19Ene17,3.338
20Ene17,3.306
23Ene17,3.292
24Ene17,3.284
25Ene17,3.279
26Ene17,3.301
27Ene17,3.294
30Ene17,3.29
31Ene17,3.287
1-Feb-17,3.272
2-Feb-17,3.262
3-Feb-17,3.249
6-Feb-17,3.277
7-Feb-17,3.293
8-Feb-17,3.29
9-Feb-17,3.275
10-Feb-17,3.256
13-Feb-17,3.267
14-Feb-17,3.265
15-Feb-17,3.257
16-Feb-17,3.249
17-Feb-17,3.263
20-Feb-17,3.254
21-Feb-17,3.25
22-Feb-17,3.245
23-Feb-17,3.243
24-Feb-17,3.252
27-Feb-17,3.255
28-Feb-17,3.263
1-Mar-17,3.265
2-Mar-17,3.274
3-Mar-17,3.286
6-Mar-17,3.292
7-Mar-17,3.294
8-Mar-17,3.294
9-Mar-17,3.296
10-Mar-17,3.285
13-Mar-17,3.288
14-Mar-17,3.29
15-Mar-17,3.269
16-Mar-17,3.251
17-Mar-17,3.251
20-Mar-17,3.251
21-Mar-17,3.247
22-Mar-17,3.252
23-Mar-17,3.246
24-Mar-17,3.244
27-Mar-17,3.248
28-Mar-17,3.246
29-Mar-17,3.243
30-Mar-17,3.245
31-Mar-17,3.249
03Abr17,3.25
04Abr17,3.252
05Abr17,3.249
06Abr17,3.248
07Abr17,3.248
10Abr17,3.247
11Abr17,3.251
12Abr17,3.254
13Abr17,n.d.
14Abr17,n.d.
17Abr17,3.251
18Abr17,3.253
19Abr17,3.251
20Abr17,3.245
21Abr17,3.244
24Abr17,3.243
25Abr17,3.247
26Abr17,3.25
27Abr17,3.249
28Abr17,3.246
1-May-17,n.d.
2-May-17,3.249
3-May-17,3.252
4-May-17,3.269
5-May-17,3.274
8-May-17,3.286
9-May-17,3.288
10-May-17,3.288
11-May-17,3.29
12-May-17,3.281
15-May-17,3.263
16-May-17,3.26
17-May-17,3.271
18-May-17,3.284
19-May-17,3.272
22-May-17,3.273
23-May-17,3.282
24-May-17,3.277
25-May-17,3.265
26-May-17,3.275
29-May-17,3.282
30-May-17,3.287
31-May-17,3.272
1-Jun-17,3.271
2-Jun-17,3.273
5-Jun-17,3.272
6-Jun-17,3.269
7-Jun-17,3.268
8-Jun-17,3.272
9-Jun-17,3.27
12-Jun-17,3.277
13-Jun-17,3.278
14-Jun-17,3.271
15-Jun-17,3.278
16-Jun-17,3.276
19-Jun-17,3.27
20-Jun-17,3.276
21-Jun-17,3.271
22-Jun-17,3.269
23-Jun-17,3.26
26-Jun-17,3.255
27-Jun-17,3.258
28-Jun-17,3.255
29-Jun-17,n.d.
30-Jun-17,n.d.
3-Jul-17,3.253
4-Jul-17,3.258
5-Jul-17,3.264
6-Jul-17,3.257
7-Jul-17,3.251
10-Jul-17,3.256
11-Jul-17,3.255
12-Jul-17,3.252
13-Jul-17,3.252
14-Jul-17,3.246
17-Jul-17,3.251
18-Jul-17,3.246
19-Jul-17,3.243
20-Jul-17,3.241
21-Jul-17,3.247
24-Jul-17,3.247
25-Jul-17,3.248
26-Jul-17,3.25
27-Jul-17,n.d.
28-Jul-17,n.d.
31-Jul-17,3.242
01Ago17,3.24
02Ago17,3.242
03Ago17,3.24
04Ago17,3.242
07Ago17,3.244
08Ago17,3.244
09Ago17,3.249
10Ago17,3.249
11Ago17,3.251
14Ago17,3.246
15Ago17,3.247
16Ago17,3.245
17Ago17,3.243
18Ago17,3.243
21Ago17,3.24
22Ago17,3.24
23Ago17,3.239
24Ago17,3.238
25Ago17,3.238
28Ago17,3.238
29Ago17,3.242
30Ago17,n.d.
31Ago17,3.242
01Set17,3.24
04Set17,3.241
05Set17,3.238
06Set17,3.238
07Set17,3.236
08Set17,3.235
11Set17,3.232
12Set17,3.235
13Set17,3.24
14Set17,3.24
15Set17,3.248
18Set17,3.249
19Set17,3.245
20Set17,3.245
21Set17,3.25
22Set17,3.248
25Set17,3.255
26Set17,3.271
27Set17,3.276
28Set17,3.27
29Set17,3.267
2-Oct-17,3.271
3-Oct-17,3.268
4-Oct-17,3.26
5-Oct-17,3.256
6-Oct-17,3.268
9-Oct-17,3.273
10-Oct-17,3.267
11-Oct-17,3.262
12-Oct-17,3.256
13-Oct-17,3.251
16-Oct-17,3.247
17-Oct-17,3.246
18-Oct-17,3.244
19-Oct-17,3.237
20-Oct-17,3.24
23-Oct-17,3.241
24-Oct-17,3.242
25-Oct-17,3.235
26-Oct-17,3.239
27-Oct-17,3.248
30-Oct-17,3.253
31-Oct-17,3.25
1-Nov-17,n.d.
2-Nov-17,3.244
3-Nov-17,3.246
6-Nov-17,3.242
7-Nov-17,3.243
8-Nov-17,3.244
9-Nov-17,3.246
10-Nov-17,3.243
13-Nov-17,3.244
14-Nov-17,3.243
15-Nov-17,3.25
16-Nov-17,3.252
17-Nov-17,3.246
20-Nov-17,3.244
21-Nov-17,3.236
22-Nov-17,3.241
23-Nov-17,3.241
24-Nov-17,3.24
27-Nov-17,3.238
28-Nov-17,3.237
29-Nov-17,3.234
30-Nov-17,3.235
01Dic17,3.234
04Dic17,3.237
05Dic17,3.236
06Dic17,3.238
07Dic17,3.238
08Dic17,n.d.
11Dic17,3.238
12Dic17,3.236
13Dic17,3.233
14Dic17,3.244
15Dic17,3.262
18Dic17,3.292
19Dic17,3.269
20Dic17,3.276
21Dic17,3.268
22Dic17,3.241
25Dic17,n.d.
26Dic17,3.243
27Dic17,3.244
28Dic17,3.244
29Dic17,3.245
01Ene18,n.d.
02Ene18,n.d.
03Ene18,3.23
04Ene18,3.208
05Ene18,3.215
08Ene18,3.219
09Ene18,3.22
10Ene18,3.22
11Ene18,3.218
12Ene18,3.217
15Ene18,3.216
16Ene18,3.217
17Ene18,3.212
18Ene18,3.213
19Ene18,3.217
22Ene18,3.216
23Ene18,3.219
24Ene18,3.214
25Ene18,3.21
26Ene18,3.215
29Ene18,3.219
30Ene18,3.217
31Ene18,3.217
1-Feb-18,3.213
2-Feb-18,3.218
5-Feb-18,3.225
6-Feb-18,3.251
7-Feb-18,3.247
8-Feb-18,3.254
9-Feb-18,3.27
12-Feb-18,3.265
13-Feb-18,3.27
14-Feb-18,3.27
15-Feb-18,3.25
16-Feb-18,3.243
19-Feb-18,3.25
20-Feb-18,3.253
21-Feb-18,3.249
22-Feb-18,3.251
23-Feb-18,3.251
26-Feb-18,3.25
27-Feb-18,3.25
28-Feb-18,3.261
1-Mar-18,3.265
2-Mar-18,3.259
5-Mar-18,3.25
6-Mar-18,3.252
7-Mar-18,3.257
8-Mar-18,3.256
9-Mar-18,3.26
12-Mar-18,3.259
13-Mar-18,3.26
14-Mar-18,3.261
15-Mar-18,3.262
16-Mar-18,3.268
19-Mar-18,3.273
20-Mar-18,3.269
21-Mar-18,3.263
22-Mar-18,3.243
23-Mar-18,3.237
26-Mar-18,3.219
27-Mar-18,3.223
28-Mar-18,3.229
29-Mar-18,n.d.
30-Mar-18,n.d.
02Abr18,3.229
03Abr18,3.226
04Abr18,3.228
05Abr18,3.228
06Abr18,3.234
09Abr18,3.239
10Abr18,3.239
11Abr18,3.239
12Abr18,3.229
13Abr18,n.d.
16Abr18,3.224
17Abr18,3.221
18Abr18,3.217
19Abr18,3.221
20Abr18,3.226
23Abr18,3.23
24Abr18,3.232
25Abr18,3.242
26Abr18,3.238
27Abr18,3.241
30Abr18,3.25
1-May-18,n.d.
2-May-18,3.268
3-May-18,3.276
4-May-18,3.272
7-May-18,3.279
8-May-18,3.288
9-May-18,3.293
10-May-18,3.279
11-May-18,3.261
14-May-18,3.26
15-May-18,3.272
16-May-18,3.268
17-May-18,3.274
18-May-18,3.289
21-May-18,3.286
22-May-18,3.274
23-May-18,3.271
24-May-18,3.268
25-May-18,3.27
28-May-18,3.272
29-May-18,3.281
30-May-18,3.272
31-May-18,3.274
1-Jun-18,3.273
4-Jun-18,3.273
5-Jun-18,3.273
6-Jun-18,3.261
7-Jun-18,3.262
8-Jun-18,3.263
11-Jun-18,3.267
12-Jun-18,3.27
13-Jun-18,3.266
14-Jun-18,3.267
15-Jun-18,3.279
18-Jun-18,3.281
19-Jun-18,3.285
20-Jun-18,3.283
21-Jun-18,3.279
22-Jun-18,3.269
25-Jun-18,3.275
26-Jun-18,3.272
27-Jun-18,3.272
28-Jun-18,3.274
29-Jun-18,n.d.
2-Jul-18,3.288
3-Jul-18,3.287
4-Jul-18,3.291
5-Jul-18,3.291
6-Jul-18,3.287
9-Jul-18,3.284
10-Jul-18,3.274
11-Jul-18,3.28
12-Jul-18,3.276
13-Jul-18,3.273
16-Jul-18,3.272
17-Jul-18,3.269
18-Jul-18,3.273
19-Jul-18,3.277
20-Jul-18,3.276
23-Jul-18,3.28
24-Jul-18,3.275
25-Jul-18,3.274
26-Jul-18,3.276
27-Jul-18,n.d.
30-Jul-18,3.272
31-Jul-18,3.274
01Ago18,3.275
02Ago18,3.274
03Ago18,3.271
06Ago18,3.27
07Ago18,3.27
08Ago18,3.27
09Ago18,3.273
10Ago18,3.279
13Ago18,3.287
14Ago18,3.291
15Ago18,3.313
16Ago18,3.312
17Ago18,3.321
20Ago18,3.315
21Ago18,3.301
22Ago18,3.287
23Ago18,3.296
24Ago18,3.294
27Ago18,3.291
28Ago18,3.294
29Ago18,3.298
30Ago18,n.d.
31Ago18,n.d.
03Set18,3.307
04Set18,3.315
05Set18,3.317
06Set18,3.32
07Set18,3.325
10Set18,3.328
11Set18,3.334
12Set18,3.331
13Set18,3.325
14Set18,3.316
17Set18,3.316
18Set18,3.308
19Set18,3.305
20Set18,3.3
21Set18,3.293
24Set18,3.3
25Set18,3.306
26Set18,3.306
27Set18,3.303
28Set18,3.302
1-Oct-18,3.309
2-Oct-18,3.314
3-Oct-18,3.314
4-Oct-18,3.335
5-Oct-18,3.324
8-Oct-18,n.d.
9-Oct-18,3.332
10-Oct-18,3.33
11-Oct-18,3.33
12-Oct-18,3.333
15-Oct-18,3.338
16-Oct-18,3.334
17-Oct-18,3.336
18-Oct-18,3.338
19-Oct-18,3.332
22-Oct-18,3.334
23-Oct-18,3.337
24-Oct-18,3.341
25-Oct-18,3.341
26-Oct-18,3.347
29-Oct-18,3.352
30-Oct-18,3.36
31-Oct-18,3.367
1-Nov-18,n.d.
2-Nov-18,n.d.
5-Nov-18,3.361
6-Nov-18,3.371
7-Nov-18,3.366
8-Nov-18,3.37
9-Nov-18,3.372
12-Nov-18,3.377
13-Nov-18,3.379
14-Nov-18,3.379
15-Nov-18,3.386
16-Nov-18,3.379
19-Nov-18,3.378
20-Nov-18,3.383
21-Nov-18,3.378
22-Nov-18,3.373
23-Nov-18,3.379
26-Nov-18,3.381
27-Nov-18,3.383
28-Nov-18,3.38
29-Nov-18,3.379
30-Nov-18,3.382
03Dic18,3.378
04Dic18,3.385
05Dic18,3.381
06Dic18,3.381
07Dic18,3.371
10Dic18,3.376
11Dic18,3.37
12Dic18,3.359
13Dic18,3.365
14Dic18,3.355
17Dic18,3.347
18Dic18,3.346
19Dic18,3.351
20Dic18,3.343
21Dic18,3.358
24Dic18,n.d.
25Dic18,n.d.
26Dic18,3.369
27Dic18,3.376
28Dic18,3.37
31Dic18,3.379
01Ene19,n.d.
02Ene19,3.373
03Ene19,3.371
04Ene19,3.36
07Ene19,3.353
08Ene19,3.35
09Ene19,3.335
10Ene19,3.343
11Ene19,3.343
14Ene19,3.345
15Ene19,3.34
16Ene19,3.333
17Ene19,3.333
18Ene19,3.319
21Ene19,3.33
22Ene19,3.337
23Ene19,3.338
24Ene19,3.346
25Ene19,3.345
28Ene19,3.354
29Ene19,3.36
30Ene19,3.355
31Ene19,3.335
1-Feb-19,3.33
4-Feb-19,3.331
5-Feb-19,3.331
6-Feb-19,3.328
7-Feb-19,3.324
8-Feb-19,3.324
11-Feb-19,3.331
12-Feb-19,3.333
13-Feb-19,3.337
14-Feb-19,3.341
15-Feb-19,3.331
18-Feb-19,3.324
19-Feb-19,3.318
20-Feb-19,3.318
21-Feb-19,3.322
22-Feb-19,3.31
25-Feb-19,3.306
26-Feb-19,3.312
27-Feb-19,3.306
28-Feb-19,3.305
1-Mar-19,3.307
4-Mar-19,3.312
5-Mar-19,3.313
6-Mar-19,3.31
7-Mar-19,3.311
8-Mar-19,3.315
11-Mar-19,3.31
12-Mar-19,3.303
13-Mar-19,3.292
14-Mar-19,3.297
15-Mar-19,3.299
18-Mar-19,3.301
19-Mar-19,3.301
20-Mar-19,3.294
21-Mar-19,3.294
22-Mar-19,3.305
25-Mar-19,3.304
26-Mar-19,3.306
27-Mar-19,3.317
28-Mar-19,3.319
29-Mar-19,3.321
01Abr19,3.312
02Abr19,3.312
03Abr19,3.3
04Abr19,3.299
05Abr19,3.3
08Abr19,3.293
09Abr19,3.293
10Abr19,3.295
11Abr19,3.3
12Abr19,3.296
15Abr19,3.299
16Abr19,3.297
17Abr19,3.297
18Abr19,n.d.
19Abr19,n.d.
22Abr19,3.304
23Abr19,3.311
24Abr19,3.322
25Abr19,3.332
26Abr19,3.321
29Abr19,3.317
30Abr19,3.312
1-May-19,n.d.
2-May-19,3.315
3-May-19,3.304
6-May-19,3.312
7-May-19,3.315
8-May-19,3.316
9-May-19,3.322
10-May-19,3.318
13-May-19,3.332
14-May-19,3.325
15-May-19,3.324
16-May-19,3.318
17-May-19,3.324
20-May-19,3.34
21-May-19,3.347
22-May-19,3.347
23-May-19,3.35
24-May-19,3.346
27-May-19,3.351
28-May-19,3.355
29-May-19,3.358
30-May-19,3.363
31-May-19,3.37
3-Jun-19,3.373
4-Jun-19,3.351
5-Jun-19,3.353
6-Jun-19,3.338
7-Jun-19,3.336
10-Jun-19,3.335
11-Jun-19,3.332
12-Jun-19,3.331
13-Jun-19,3.332
14-Jun-19,3.34
17-Jun-19,3.348
18-Jun-19,3.34
19-Jun-19,3.336
20-Jun-19,3.313
21-Jun-19,3.306
24-Jun-19,3.302
25-Jun-19,3.298
26-Jun-19,3.301
27-Jun-19,3.294
28-Jun-19,3.29
1-Jul-19,3.291
2-Jul-19,3.292
3-Jul-19,3.296
4-Jul-19,3.294
5-Jul-19,3.298
8-Jul-19,3.293
9-Jul-19,3.293
10-Jul-19,3.288
11-Jul-19,3.286
12-Jul-19,3.285
15-Jul-19,3.286
16-Jul-19,3.288
17-Jul-19,3.287
18-Jul-19,3.288
19-Jul-19,3.286
22-Jul-19,3.287
23-Jul-19,3.292
24-Jul-19,3.294
25-Jul-19,3.3
26-Jul-19,3.3
29-Jul-19,n.d.
30-Jul-19,n.d.
31-Jul-19,3.31
01Ago19,3.319
02Ago19,3.346
05Ago19,3.385
06Ago19,3.384
07Ago19,3.382
08Ago19,3.382
09Ago19,3.383
12Ago19,3.389
13Ago19,3.377
14Ago19,3.389
15Ago19,3.394
16Ago19,3.386
19Ago19,3.386
20Ago19,3.381
21Ago19,3.379
22Ago19,3.3814
23Ago19,3.377
26Ago19,3.379
27Ago19,3.388
28Ago19,3.399
29Ago19,n.d.
30Ago19,n.d.
02Set19,3.405
03Set19,3.405
04Set19,3.392
05Set19,3.367
06Set19,3.346
09Set19,3.347
10Set19,3.348
11Set19,3.344
12Set19,3.331
13Set19,3.318
16Set19,3.327
17Set19,3.345
18Set19,3.345
19Set19,3.354
20Set19,3.361
23Set19,3.364
24Set19,3.346
25Set19,3.352
26Set19,3.365
27Set19,3.395
30Set19,3.385
1-Oct-19,3.393
2-Oct-19,3.388
3-Oct-19,3.378
4-Oct-19,3.378
7-Oct-19,3.388
8-Oct-19,n.d.
9-Oct-19,3.379
10-Oct-19,3.361
11-Oct-19,3.357
14-Oct-19,3.365
15-Oct-19,3.372
16-Oct-19,3.37
17-Oct-19,3.355
18-Oct-19,3.347
21-Oct-19,3.347
22-Oct-19,3.342
23-Oct-19,3.347
24-Oct-19,3.35
25-Oct-19,3.351
28-Oct-19,3.335
29-Oct-19,3.34
30-Oct-19,3.349
31-Oct-19,n.d.
1-Nov-19,n.d.
4-Nov-19,3.336
5-Nov-19,3.339
6-Nov-19,3.341
7-Nov-19,3.345
8-Nov-19,3.353
11-Nov-19,3.364
12-Nov-19,3.376
13-Nov-19,3.392
14-Nov-19,3.391
15-Nov-19,3.373
18-Nov-19,3.372
19-Nov-19,3.381
20-Nov-19,3.387
21-Nov-19,3.38
22-Nov-19,3.385
25-Nov-19,3.391
26-Nov-19,3.385
27-Nov-19,3.394
28-Nov-19,3.39
29-Nov-19,3.399
02Dic19,3.403
03Dic19,3.391
04Dic19,3.386
05Dic19,3.38
06Dic19,3.381
09Dic19,3.38
10Dic19,3.391
11Dic19,3.393
12Dic19,3.393
13Dic19,3.373
16Dic19,3.36
17Dic19,3.349
18Dic19,3.34
19Dic19,3.338
20Dic19,3.326
23Dic19,3.32
24Dic19,3.319
25Dic19,n.d.
26Dic19,3.322
27Dic19,3.324
30Dic19,3.319
31Dic19,3.317
01Ene20,n.d.
02Ene20,3.305
03Ene20,3.311
06Ene20,3.323
07Ene20,3.327
08Ene20,3.32
09Ene20,3.321
10Ene20,3.324
13Ene20,3.336
14Ene20,3.33
15Ene20,3.327
16Ene20,3.326
17Ene20,3.324
20Ene20,3.323
21Ene20,3.32
22Ene20,3.317
23Ene20,3.322
24Ene20,3.325
27Ene20,3.339
28Ene20,3.335
29Ene20,3.345
30Ene20,3.36
31Ene20,3.376
3-Feb-20,3.374
4-Feb-20,3.364
5-Feb-20,3.36
6-Feb-20,3.371
7-Feb-20,3.388
10-Feb-20,3.394
11-Feb-20,3.39
12-Feb-20,3.383
13-Feb-20,3.385
14-Feb-20,3.384
17-Feb-20,3.384
18-Feb-20,3.386
19-Feb-20,3.384
20-Feb-20,3.392
21-Feb-20,3.394
24-Feb-20,3.404
25-Feb-20,3.405
26-Feb-20,3.412
27-Feb-20,3.43
28-Feb-20,3.451
2-Mar-20,3.445
3-Mar-20,3.428
4-Mar-20,3.425
5-Mar-20,3.44
6-Mar-20,3.473
9-Mar-20,3.502
10-Mar-20,3.498
11-Mar-20,3.51
12-Mar-20,3.545
13-Mar-20,3.53
16-Mar-20,3.55
17-Mar-20,3.554
18-Mar-20,3.568
19-Mar-20,3.565
20-Mar-20,3.525
23-Mar-20,3.536
24-Mar-20,3.523
25-Mar-20,3.503
26-Mar-20,3.439
27-Mar-20,3.423
30-Mar-20,3.439
31-Mar-20,3.442
01Abr20,3.462
02Abr20,3.458
03Abr20,3.457
06Abr20,3.412
07Abr20,3.373
08Abr20,3.356
09Abr20,n.d.
10Abr20,n.d.
13Abr20,3.379
14Abr20,3.393
15Abr20,3.421
16Abr20,3.411
17Abr20,3.407
20Abr20,3.41
21Abr20,3.4
22Abr20,3.376
23Abr20,3.364
24Abr20,3.381
27Abr20,3.4
28Abr20,3.387
29Abr20,3.373
30Abr20,3.383
1-May-20,n.d.
4-May-20,3.39
5-May-20,3.394
6-May-20,3.407
7-May-20,3.41
8-May-20,3.399
11-May-20,3.421
12-May-20,3.425
13-May-20,3.437
14-May-20,3.455
15-May-20,3.448
18-May-20,3.424
19-May-20,3.43
20-May-20,3.41
21-May-20,3.406
22-May-20,3.429
25-May-20,3.429
26-May-20,3.426
27-May-20,3.453
28-May-20,3.444
29-May-20,3.434
1-Jun-20,3.422
2-Jun-20,3.404
3-Jun-20,3.391
4-Jun-20,3.422
5-Jun-20,3.43
8-Jun-20,3.441
9-Jun-20,3.448
10-Jun-20,3.437
11-Jun-20,3.452
12-Jun-20,3.464
15-Jun-20,3.485
16-Jun-20,3.477
17-Jun-20,3.493
18-Jun-20,3.511
19-Jun-20,3.513
22-Jun-20,3.496
23-Jun-20,3.518
24-Jun-20,3.529
25-Jun-20,3.513
26-Jun-20,3.522
29-Jun-20,n.d.
30-Jun-20,3.541
1-Jul-20,3.537
2-Jul-20,3.519
3-Jul-20,3.528
6-Jul-20,3.549
7-Jul-20,3.547
8-Jul-20,3.537
9-Jul-20,3.524
10-Jul-20,3.508
13-Jul-20,3.5
14-Jul-20,3.504
15-Jul-20,3.502
16-Jul-20,3.499
17-Jul-20,3.511
20-Jul-20,3.518
21-Jul-20,3.497
22-Jul-20,3.505
23-Jul-20,3.518
24-Jul-20,3.536
27-Jul-20,3.529
28-Jul-20,n.d.
29-Jul-20,3.515
30-Jul-20,3.51
31-Jul-20,3.529
03Ago20,3.543
04Ago20,3.55
05Ago20,3.55
06Ago20,3.548
07Ago20,3.551
10Ago20,3.561
11Ago20,3.563
12Ago20,3.568
13Ago20,3.573
14Ago20,3.576
17Ago20,3.579
18Ago20,3.576
19Ago20,3.564
20Ago20,3.576
21Ago20,3.584
24Ago20,3.583
25Ago20,3.593
26Ago20,3.586
27Ago20,3.573
28Ago20,3.54
31Ago20,3.547
01Set20,3.531
02Set20,3.533
03Set20,3.542
04Set20,3.554
07Set20,3.54
08Set20,3.545
09Set20,3.537
10Set20,3.543
11Set20,3.57
14Set20,3.569
15Set20,3.553
16Set20,3.543
17Set20,3.538
18Set20,3.527
21Set20,3.546
22Set20,3.555
23Set20,3.568
24Set20,3.58
25Set20,3.592
28Set20,3.593
29Set20,3.597
30Set20,3.599
1-Oct-20,3.607
2-Oct-20,3.62
5-Oct-20,3.612
6-Oct-20,3.586
7-Oct-20,3.581
8-Oct-20,3.58
9-Oct-20,3.572
12-Oct-20,3.587
13-Oct-20,3.596
14-Oct-20,3.59
15-Oct-20,3.59
16-Oct-20,3.581
19-Oct-20,3.59
20-Oct-20,3.59
21-Oct-20,3.599
22-Oct-20,3.606
23-Oct-20,3.606
26-Oct-20,3.606
27-Oct-20,3.609
28-Oct-20,3.615
29-Oct-20,3.613
30-Oct-20,3.615
2-Nov-20,3.617
3-Nov-20,3.608
4-Nov-20,3.6
5-Nov-20,3.594
6-Nov-20,3.601
9-Nov-20,3.59
10-Nov-20,3.624
11-Nov-20,3.626
12-Nov-20,3.636
13-Nov-20,3.646
16-Nov-20,3.662
17-Nov-20,3.632
18-Nov-20,3.582
19-Nov-20,3.577
20-Nov-20,3.587
23-Nov-20,3.6
24-Nov-20,3.609
25-Nov-20,3.611
26-Nov-20,3.608
27-Nov-20,3.609
30-Nov-20,3.61
01Dic20,3.606
02Dic20,3.607
03Dic20,3.599
04Dic20,3.596
07Dic20,3.603
08Dic20,n.d.
09Dic20,3.606
10Dic20,3.603
11Dic20,3.602
14Dic20,3.591
15Dic20,3.592
16Dic20,3.59
17Dic20,3.587
18Dic20,3.597
21Dic20,3.608
22Dic20,3.617
23Dic20,3.616
24Dic20,3.615
25Dic20,n.d.
28Dic20,3.617
29Dic20,3.62
30Dic20,3.621
31Dic20,3.624
01Ene21,n.d.
04Ene21,3.628
05Ene21,3.631
06Ene21,3.63
07Ene21,3.623
08Ene21,3.615
11Ene21,3.618
12Ene21,3.608
13Ene21,3.615
14Ene21,3.613
15Ene21,3.614
18Ene21,3.617
19Ene21,3.615
20Ene21,3.615
21Ene21,3.622
22Ene21,3.634
25Ene21,3.645
26Ene21,3.647
27Ene21,3.653
28Ene21,3.647
29Ene21,3.642
1-Feb-21,3.641
2-Feb-21,3.641
3-Feb-21,3.64
4-Feb-21,3.647
5-Feb-21,3.64
8-Feb-21,3.644
9-Feb-21,3.645
10-Feb-21,3.64
11-Feb-21,3.64
12-Feb-21,3.646
15-Feb-21,3.647
16-Feb-21,3.652
17-Feb-21,3.655
18-Feb-21,3.652
19-Feb-21,3.655
22-Feb-21,3.657
23-Feb-21,3.656
24-Feb-21,3.653
25-Feb-21,3.649
26-Feb-21,3.651
1-Mar-21,3.656
2-Mar-21,3.665
3-Mar-21,3.675
4-Mar-21,3.676
5-Mar-21,3.693
8-Mar-21,3.704
9-Mar-21,3.705
10-Mar-21,3.696
11-Mar-21,3.695
12-Mar-21,3.705
15-Mar-21,3.719
16-Mar-21,3.708
17-Mar-21,3.709
18-Mar-21,3.707
19-Mar-21,3.715
22-Mar-21,3.723
23-Mar-21,3.719
24-Mar-21,3.724
25-Mar-21,3.734
26-Mar-21,3.739
29-Mar-21,3.75
30-Mar-21,3.763
31-Mar-21,3.758
01Abr21,n.d.
02Abr21,n.d.
05Abr21,3.721
06Abr21,3.661
07Abr21,3.625
08Abr21,3.599
09Abr21,3.624
12Abr21,3.654
13Abr21,3.626
14Abr21,3.631
15Abr21,3.623
16Abr21,3.633
19Abr21,3.677
20Abr21,3.686
21Abr21,3.705
22Abr21,3.763
23Abr21,3.776
26Abr21,3.831
27Abr21,3.841
28Abr21,3.81
29Abr21,3.794
30Abr21,3.792
3-May-21,3.813
4-May-21,3.832
5-May-21,3.829
6-May-21,3.821
7-May-21,3.8
10-May-21,3.776
11-May-21,3.709
12-May-21,3.725
13-May-21,3.686
14-May-21,3.678
17-May-21,3.704
18-May-21,3.728
19-May-21,3.747
20-May-21,3.741
21-May-21,3.745
24-May-21,3.796
25-May-21,3.832
26-May-21,3.842
27-May-21,3.865
28-May-21,3.808
31-May-21,3.827
1-Jun-21,3.845
2-Jun-21,3.862
3-Jun-21,3.855
4-Jun-21,3.827
7-Jun-21,3.912
8-Jun-21,3.954
9-Jun-21,3.894
10-Jun-21,3.891
11-Jun-21,3.904
14-Jun-21,3.909
15-Jun-21,3.922
16-Jun-21,3.907
17-Jun-21,3.917
18-Jun-21,3.94
21-Jun-21,3.965
22-Jun-21,3.975
23-Jun-21,3.981
24-Jun-21,3.988
25-Jun-21,3.985
28-Jun-21,3.932
29-Jun-21,n.d.
30-Jun-21,3.866
1-Jul-21,3.866
2-Jul-21,3.887
5-Jul-21,3.919
6-Jul-21,3.951
7-Jul-21,3.959
8-Jul-21,3.971
9-Jul-21,3.966
12-Jul-21,3.96
13-Jul-21,3.973
14-Jul-21,3.967
15-Jul-21,3.961
16-Jul-21,3.913
19-Jul-21,3.939
20-Jul-21,3.956
21-Jul-21,3.954
22-Jul-21,3.944
23-Jul-21,3.929
26-Jul-21,3.915
27-Jul-21,3.924
28-Jul-21,n.d.
29-Jul-21,n.d.
30-Jul-21,4.044
02Ago21,4.061
03Ago21,4.081
04Ago21,4.084
05Ago21,4.074
06Ago21,4.09
09Ago21,4.106
10Ago21,4.069
11Ago21,4.088
12Ago21,4.1
13Ago21,4.081
16Ago21,4.079
17Ago21,4.089
18Ago21,4.095
19Ago21,4.111
20Ago21,4.115
23Ago21,4.111
24Ago21,4.095
25Ago21,4.099
26Ago21,4.098
27Ago21,4.078
30Ago21,n.d.
31Ago21,4.086
01Set21,4.087
02Set21,4.099
03Set21,4.097
06Set21,4.105
07Set21,4.105
08Set21,4.092
09Set21,4.101
10Set21,4.102
13Set21,4.108
14Set21,4.105
15Set21,4.109
16Set21,4.114
17Set21,4.113
20Set21,4.12
21Set21,4.117
22Set21,4.113
23Set21,4.114
24Set21,4.111
27Set21,4.127
28Set21,4.129
29Set21,4.13
30Set21,4.136
1-Oct-21,4.134
4-Oct-21,4.136
5-Oct-21,4.133
6-Oct-21,4.135
7-Oct-21,4.109
8-Oct-21,n.d.
11-Oct-21,4.08
12-Oct-21,4.067
13-Oct-21,4.002
14-Oct-21,3.95
15-Oct-21,3.938
18-Oct-21,3.951
19-Oct-21,3.949
20-Oct-21,3.947
21-Oct-21,3.953
22-Oct-21,3.964
25-Oct-21,3.973
26-Oct-21,3.992
27-Oct-21,3.989
28-Oct-21,3.98
29-Oct-21,3.992
1-Nov-21,n.d.
2-Nov-21,4.012
3-Nov-21,4.014
4-Nov-21,4.013
5-Nov-21,4.017
8-Nov-21,4.016
9-Nov-21,4.018
10-Nov-21,4.025
11-Nov-21,4.025
12-Nov-21,4.026
15-Nov-21,4.013
16-Nov-21,4.004
17-Nov-21,4.007
18-Nov-21,4.02
19-Nov-21,4.026
22-Nov-21,4.023
23-Nov-21,4.011
24-Nov-21,4.023
25-Nov-21,4.031
26-Nov-21,4.041
29-Nov-21,4.059
30-Nov-21,4.066
01Dic21,4.071
02Dic21,4.075
03Dic21,4.078
06Dic21,4.085
07Dic21,4.08
08Dic21,n.d.
09Dic21,4.085
10Dic21,4.076
13Dic21,4.067
14Dic21,4.06
15Dic21,4.058
16Dic21,4.04
17Dic21,4.043
20Dic21,4.049
21Dic21,4.055
22Dic21,4.05
23Dic21,4.027
24Dic21,4.018
27Dic21,3.991
28Dic21,3.958
29Dic21,3.976
30Dic21,3.991
31Dic21,3.998
03Ene22,3.995
04Ene22,3.968
05Ene22,3.965
06Ene22,3.973
07Ene22,3.955
10Ene22,3.933
11Ene22,3.925
12Ene22,3.901
13Ene22,3.9
14Ene22,3.887
17Ene22,3.869
18Ene22,3.856
19Ene22,3.866
20Ene22,3.859
21Ene22,3.834
24Ene22,3.842
25Ene22,3.852
26Ene22,3.849
27Ene22,3.839
28Ene22,3.849
31Ene22,3.846
1-Feb-22,3.878
2-Feb-22,3.86
3-Feb-22,3.863
4-Feb-22,3.873
7-Feb-22,3.848
8-Feb-22,3.845
9-Feb-22,3.834
10-Feb-22,3.767
11-Feb-22,3.758
14-Feb-22,3.789
15-Feb-22,3.806
16-Feb-22,3.785
17-Feb-22,3.75
18-Feb-22,3.726
21-Feb-22,3.752
22-Feb-22,3.745
23-Feb-22,3.715
24-Feb-22,3.788
25-Feb-22,3.763
28-Feb-22,3.759
1-Mar-22,3.791
2-Mar-22,3.77
3-Mar-22,3.735
4-Mar-22,3.76
7-Mar-22,3.751
8-Mar-22,3.736
9-Mar-22,3.718
10-Mar-22,3.721
11-Mar-22,3.698
14-Mar-22,3.715
15-Mar-22,3.735
16-Mar-22,3.729
17-Mar-22,3.736
18-Mar-22,3.776
21-Mar-22,3.79
22-Mar-22,3.776
23-Mar-22,3.773
24-Mar-22,3.756
25-Mar-22,3.731
28-Mar-22,3.737
29-Mar-22,3.724
30-Mar-22,3.728
31-Mar-22,3.701
01Abr22,3.663
04Abr22,3.634
05Abr22,3.69
06Abr22,3.72
07Abr22,3.714
08Abr22,3.715
11Abr22,3.721
12Abr22,3.706
13Abr22,3.736
14Abr22,n.d.
15Abr22,n.d.
18Abr22,3.742
19Abr22,3.736
20Abr22,3.709
21Abr22,3.734
22Abr22,3.766
25Abr22,3.815
26Abr22,3.818
27Abr22,3.83
28Abr22,3.852
29Abr22,3.838
2-May-22,3.848
3-May-22,3.826
4-May-22,3.805
5-May-22,3.79
6-May-22,3.811
9-May-22,3.814
10-May-22,3.816
11-May-22,3.788
12-May-22,3.801
13-May-22,3.786
16-May-22,3.787
17-May-22,3.762
18-May-22,3.772
19-May-22,3.754
20-May-22,3.738
23-May-22,3.72
24-May-22,3.719
25-May-22,3.694
