Fecha,Compra
03Ene00,3.51
04Ene00,3.522
05Ene00,3.513
06Ene00,3.502
07Ene00,3.511
10Ene00,3.507
11Ene00,3.505
12Ene00,3.507
13Ene00,3.503
14Ene00,3.491
17Ene00,3.484
18Ene00,3.487
19Ene00,3.495
20Ene00,3.501
21Ene00,3.496
24Ene00,3.492
25Ene00,3.488
26Ene00,3.49
27Ene00,3.476
28Ene00,3.475
31Ene00,3.489
1-Feb-00,3.47
2-Feb-00,3.472
3-Feb-00,3.47
4-Feb-00,3.477
7-Feb-00,3.471
8-Feb-00,3.459
9-Feb-00,3.448
10-Feb-00,3.441
11-Feb-00,3.442
14-Feb-00,3.434
15-Feb-00,3.427
16-Feb-00,3.44
17-Feb-00,3.433
18-Feb-00,3.442
21-Feb-00,3.457
22-Feb-00,3.461
23-Feb-00,3.457
24-Feb-00,3.465
25-Feb-00,3.465
28-Feb-00,3.46
29-Feb-00,3.447
1-Mar-00,3.413
2-Mar-00,3.409
3-Mar-00,3.402
6-Mar-00,3.408
7-Mar-00,3.408
8-Mar-00,3.397
9-Mar-00,3.401
10-Mar-00,3.416
13-Mar-00,3.421
14-Mar-00,3.412
15-Mar-00,3.419
16-Mar-00,3.434
17-Mar-00,3.431
20-Mar-00,3.443
21-Mar-00,3.449
22-Mar-00,3.466
23-Mar-00,3.487
24-Mar-00,3.501
27-Mar-00,3.503
28-Mar-00,3.475
29-Mar-00,3.473
30-Mar-00,3.487
31-Mar-00,3.484
03Abr00,3.471
04Abr00,3.475
05Abr00,3.476
06Abr00,3.487
07Abr00,3.509
10Abr00,3.483
11Abr00,3.483
12Abr00,3.481
13Abr00,3.461
14Abr00,3.465
17Abr00,3.471
18Abr00,3.472
19Abr00,3.465
20Abr00,n.d.
21Abr00,n.d.
24Abr00,3.476
25Abr00,3.474
26Abr00,3.484
27Abr00,3.478
28Abr00,3.476
1-May-00,n.d.
2-May-00,3.475
3-May-00,3.482
4-May-00,3.485
5-May-00,3.489
8-May-00,3.498
9-May-00,3.501
10-May-00,3.51
11-May-00,3.501
12-May-00,3.495
15-May-00,3.498
16-May-00,3.499
17-May-00,3.501
18-May-00,3.501
19-May-00,3.508
22-May-00,3.511
23-May-00,3.515
24-May-00,3.509
25-May-00,3.51
26-May-00,3.52
29-May-00,3.507
30-May-00,3.514
31-May-00,3.504
1-Jun-00,3.49
2-Jun-00,3.488
5-Jun-00,3.484
6-Jun-00,3.486
7-Jun-00,3.484
8-Jun-00,3.483
9-Jun-00,3.479
12-Jun-00,3.48
13-Jun-00,3.484
14-Jun-00,3.48
15-Jun-00,3.477
16-Jun-00,3.476
19-Jun-00,3.481
20-Jun-00,3.484
21-Jun-00,3.488
22-Jun-00,3.49
23-Jun-00,3.493
26-Jun-00,3.495
27-Jun-00,3.494
28-Jun-00,3.489
29-Jun-00,n.d.
30-Jun-00,3.487
3-Jul-00,3.481
4-Jul-00,3.482
5-Jul-00,3.485
6-Jul-00,3.483
7-Jul-00,3.481
10-Jul-00,3.48
11-Jul-00,3.478
12-Jul-00,3.479
13-Jul-00,3.482
14-Jul-00,3.477
17-Jul-00,3.476
18-Jul-00,3.476
19-Jul-00,3.48
20-Jul-00,3.479
21-Jul-00,3.479
24-Jul-00,3.48
25-Jul-00,3.476
26-Jul-00,3.472
27-Jul-00,3.475
28-Jul-00,n.d.
31-Jul-00,3.473
01Ago00,3.471
02Ago00,3.478
03Ago00,3.478
04Ago00,3.482
07Ago00,3.482
08Ago00,3.478
09Ago00,3.48
10Ago00,3.479
11Ago00,3.483
14Ago00,3.482
15Ago00,3.477
16Ago00,3.474
17Ago00,3.47
18Ago00,3.469
21Ago00,3.474
22Ago00,3.473
23Ago00,3.474
24Ago00,3.476
25Ago00,3.475
28Ago00,3.473
29Ago00,3.473
30Ago00,n.d.
31Ago00,3.472
01Set00,3.469
04Set00,3.47
05Set00,3.473
06Set00,3.47
07Set00,3.471
08Set00,3.473
11Set00,3.471
12Set00,3.471
13Set00,3.47
14Set00,3.47
15Set00,3.472
18Set00,3.498
19Set00,3.496
20Set00,3.511
21Set00,3.489
22Set00,3.489
25Set00,3.485
26Set00,3.489
27Set00,3.496
28Set00,3.516
29Set00,3.507
2-Oct-00,3.493
3-Oct-00,3.488
4-Oct-00,3.494
5-Oct-00,3.502
6-Oct-00,3.499
9-Oct-00,3.498
10-Oct-00,3.498
11-Oct-00,3.5
12-Oct-00,3.494
13-Oct-00,3.49
16-Oct-00,3.486
17-Oct-00,3.488
18-Oct-00,3.495
19-Oct-00,3.489
20-Oct-00,3.49
23-Oct-00,3.506
24-Oct-00,3.508
25-Oct-00,3.508
26-Oct-00,3.508
27-Oct-00,3.513
30-Oct-00,3.519
31-Oct-00,3.51
1-Nov-00,n.d.
2-Nov-00,3.504
3-Nov-00,3.504
6-Nov-00,3.514
7-Nov-00,3.522
8-Nov-00,3.523
9-Nov-00,3.535
10-Nov-00,3.526
13-Nov-00,3.534
14-Nov-00,3.532
15-Nov-00,3.527
16-Nov-00,3.53
17-Nov-00,3.532
20-Nov-00,3.542
21-Nov-00,3.54
22-Nov-00,3.537
23-Nov-00,3.527
24-Nov-00,3.526
27-Nov-00,3.527
28-Nov-00,3.531
29-Nov-00,3.528
30-Nov-00,3.527
01Dic00,3.524
04Dic00,3.522
05Dic00,3.522
06Dic00,3.524
07Dic00,3.522
08Dic00,n.d.
11Dic00,3.522
12Dic00,3.523
13Dic00,3.523
14Dic00,3.519
15Dic00,3.502
18Dic00,3.503
19Dic00,3.501
20Dic00,3.512
21Dic00,3.512
22Dic00,3.513
25Dic00,n.d.
26Dic00,3.516
27Dic00,3.529
28Dic00,3.531
29Dic00,3.523
01Ene01,n.d.
02Ene01,3.515
03Ene01,3.518
04Ene01,3.518
05Ene01,3.516
08Ene01,3.515
09Ene01,3.516
10Ene01,3.517
11Ene01,3.515
12Ene01,3.519
15Ene01,3.52
16Ene01,3.519
17Ene01,3.517
18Ene01,3.518
19Ene01,3.52
22Ene01,3.521
23Ene01,3.523
24Ene01,3.528
25Ene01,3.526
26Ene01,3.53
29Ene01,3.535
30Ene01,3.533
31Ene01,3.53
1-Feb-01,3.529
2-Feb-01,3.528
5-Feb-01,3.528
6-Feb-01,3.528
7-Feb-01,3.53
8-Feb-01,3.531
9-Feb-01,3.528
12-Feb-01,3.529
13-Feb-01,3.531
14-Feb-01,3.53
15-Feb-01,3.527
16-Feb-01,3.525
19-Feb-01,3.523
20-Feb-01,3.525
21-Feb-01,3.527
22-Feb-01,3.528
23-Feb-01,3.529
26-Feb-01,3.525
27-Feb-01,3.524
28-Feb-01,3.522
1-Mar-01,3.519
2-Mar-01,3.519
5-Mar-01,3.516
6-Mar-01,3.515
7-Mar-01,3.514
8-Mar-01,3.516
9-Mar-01,3.516
12-Mar-01,3.516
13-Mar-01,3.517
14-Mar-01,3.516
15-Mar-01,3.518
16-Mar-01,3.519
19-Mar-01,3.521
20-Mar-01,3.52
21-Mar-01,3.521
22-Mar-01,3.523
23-Mar-01,3.524
26-Mar-01,3.521
27-Mar-01,3.519
28-Mar-01,3.52
29-Mar-01,3.52
30-Mar-01,3.523
02Abr01,3.522
03Abr01,3.524
04Abr01,3.525
05Abr01,3.525
06Abr01,3.53
09Abr01,3.538
10Abr01,3.542
11Abr01,3.542
12Abr01,n.d.
13Abr01,n.d.
16Abr01,3.543
17Abr01,3.557
18Abr01,3.567
19Abr01,3.572
20Abr01,3.577
23Abr01,3.582
24Abr01,3.587
25Abr01,3.59
26Abr01,3.589
27Abr01,3.589
30Abr01,3.584
1-May-01,n.d.
2-May-01,3.586
3-May-01,3.595
4-May-01,3.596
7-May-01,3.593
8-May-01,3.6
9-May-01,3.61
10-May-01,3.605
11-May-01,3.601
14-May-01,3.6
15-May-01,3.597
16-May-01,3.598
17-May-01,3.597
18-May-01,3.597
21-May-01,3.593
22-May-01,3.584
23-May-01,3.586
24-May-01,3.587
25-May-01,3.589
28-May-01,3.605
29-May-01,3.612
30-May-01,3.614
31-May-01,3.621
1-Jun-01,3.625
4-Jun-01,3.565
5-Jun-01,3.551
6-Jun-01,3.55
7-Jun-01,3.529
8-Jun-01,3.519
11-Jun-01,3.516
12-Jun-01,3.52
13-Jun-01,3.513
14-Jun-01,3.509
15-Jun-01,3.509
18-Jun-01,3.523
19-Jun-01,3.521
20-Jun-01,3.517
21-Jun-01,3.516
22-Jun-01,3.519
25-Jun-01,3.52
26-Jun-01,3.52
27-Jun-01,3.518
28-Jun-01,3.511
29-Jun-01,n.d.
2-Jul-01,3.51
3-Jul-01,3.51
4-Jul-01,3.516
5-Jul-01,3.516
6-Jul-01,3.518
9-Jul-01,3.508
10-Jul-01,3.508
11-Jul-01,3.51
12-Jul-01,3.513
13-Jul-01,3.506
16-Jul-01,3.505
17-Jul-01,3.503
18-Jul-01,3.496
19-Jul-01,3.491
20-Jul-01,3.493
23-Jul-01,3.493
24-Jul-01,3.494
25-Jul-01,3.492
26-Jul-01,3.485
27-Jul-01,3.483
30-Jul-01,n.d.
31-Jul-01,3.485
01Ago01,3.49
02Ago01,3.496
03Ago01,3.496
06Ago01,3.498
07Ago01,3.497
08Ago01,3.493
09Ago01,3.491
10Ago01,3.49
13Ago01,3.489
14Ago01,3.489
15Ago01,3.488
16Ago01,3.49
17Ago01,3.487
20Ago01,3.493
21Ago01,3.495
22Ago01,3.488
23Ago01,3.488
24Ago01,3.487
27Ago01,3.489
28Ago01,3.485
29Ago01,3.48
30Ago01,n.d.
31Ago01,3.48
03Set01,3.478
04Set01,3.48
05Set01,3.482
06Set01,3.482
07Set01,3.481
10Set01,3.481
11Set01,3.492
12Set01,3.489
13Set01,3.493
14Set01,3.498
17Set01,3.5
18Set01,3.499
19Set01,3.497
20Set01,3.5
21Set01,3.499
24Set01,3.493
25Set01,3.486
26Set01,3.483
27Set01,3.483
28Set01,3.482
1-Oct-01,3.479
2-Oct-01,3.478
3-Oct-01,3.477
4-Oct-01,3.476
5-Oct-01,3.476
8-Oct-01,n.d.
9-Oct-01,3.475
10-Oct-01,3.471
11-Oct-01,3.467
12-Oct-01,3.461
15-Oct-01,3.451
16-Oct-01,3.447
17-Oct-01,3.451
18-Oct-01,3.447
19-Oct-01,3.448
22-Oct-01,3.448
23-Oct-01,3.452
24-Oct-01,3.451
25-Oct-01,3.453
26-Oct-01,3.451
29-Oct-01,3.449
30-Oct-01,3.445
31-Oct-01,3.439
1-Nov-01,n.d.
2-Nov-01,n.d.
5-Nov-01,3.438
6-Nov-01,3.443
7-Nov-01,3.448
8-Nov-01,3.446
9-Nov-01,3.445
12-Nov-01,3.447
13-Nov-01,3.442
14-Nov-01,3.44
15-Nov-01,3.435
16-Nov-01,3.436
19-Nov-01,3.436
20-Nov-01,3.434
21-Nov-01,3.433
22-Nov-01,3.436
23-Nov-01,3.435
26-Nov-01,3.437
27-Nov-01,3.436
28-Nov-01,3.435
29-Nov-01,3.433
30-Nov-01,3.434
03Dic01,3.431
04Dic01,3.432
05Dic01,3.43
06Dic01,3.429
07Dic01,3.428
10Dic01,3.429
11Dic01,3.429
12Dic01,3.43
13Dic01,3.429
14Dic01,3.431
17Dic01,3.43
18Dic01,3.434
19Dic01,3.436
20Dic01,3.445
21Dic01,3.441
24Dic01,3.438
25Dic01,n.d.
26Dic01,3.441
27Dic01,3.438
28Dic01,3.4409
31Dic01,3.441
01Ene02,n.d.
02Ene02,3.44
03Ene02,3.439
04Ene02,3.441
07Ene02,3.443
08Ene02,3.445
09Ene02,3.455
10Ene02,3.475
11Ene02,3.476
14Ene02,3.469
15Ene02,3.456
16Ene02,3.456
17Ene02,3.456
18Ene02,3.458
21Ene02,3.459
22Ene02,3.461
23Ene02,3.459
24Ene02,3.46
25Ene02,3.462
28Ene02,3.465
29Ene02,3.464
30Ene02,3.47
31Ene02,3.476
1-Feb-02,3.474
4-Feb-02,3.479
5-Feb-02,3.484
6-Feb-02,3.486
7-Feb-02,3.483
8-Feb-02,3.484
11-Feb-02,3.483
12-Feb-02,3.473
13-Feb-02,3.474
14-Feb-02,3.472
15-Feb-02,3.469
18-Feb-02,3.466
19-Feb-02,3.47
20-Feb-02,3.472
21-Feb-02,3.472
22-Feb-02,3.478
25-Feb-02,3.477
26-Feb-02,3.474
27-Feb-02,3.471
28-Feb-02,3.469
1-Mar-02,3.469
4-Mar-02,3.468
5-Mar-02,3.462
6-Mar-02,3.458
7-Mar-02,3.457
8-Mar-02,3.454
11-Mar-02,3.455
12-Mar-02,3.453
13-Mar-02,3.451
14-Mar-02,3.45
15-Mar-02,3.453
18-Mar-02,3.453
19-Mar-02,3.455
20-Mar-02,3.455
21-Mar-02,3.458
22-Mar-02,3.454
25-Mar-02,3.452
26-Mar-02,3.451
27-Mar-02,3.445
28-Mar-02,n.d.
29-Mar-02,n.d.
01Abr02,3.444
02Abr02,3.45
03Abr02,3.449
04Abr02,3.446
05Abr02,3.444
08Abr02,3.444
09Abr02,3.442
10Abr02,3.442
11Abr02,3.443
12Abr02,3.439
15Abr02,3.438
16Abr02,3.43
17Abr02,3.43
18Abr02,3.431
19Abr02,3.427
22Abr02,3.428
23Abr02,3.43
24Abr02,3.434
25Abr02,3.437
26Abr02,3.437
29Abr02,3.436
30Abr02,3.433
1-May-02,n.d.
2-May-02,3.432
3-May-02,3.434
6-May-02,3.433
7-May-02,3.432
8-May-02,3.433
9-May-02,3.439
10-May-02,3.446
13-May-02,3.449
14-May-02,3.448
15-May-02,3.445
16-May-02,3.45
17-May-02,3.454
20-May-02,3.456
21-May-02,3.462
22-May-02,3.467
23-May-02,3.468
24-May-02,3.453
27-May-02,3.454
28-May-02,3.464
29-May-02,3.467
30-May-02,3.461
31-May-02,3.459
3-Jun-02,3.462
4-Jun-02,3.47
5-Jun-02,3.468
6-Jun-02,n.d.
7-Jun-02,3.47
10-Jun-02,3.466
11-Jun-02,3.467
12-Jun-02,3.468
13-Jun-02,3.465
14-Jun-02,3.461
17-Jun-02,3.463
18-Jun-02,3.465
19-Jun-02,3.472
20-Jun-02,3.484
21-Jun-02,3.503
24-Jun-02,3.505
25-Jun-02,3.498
26-Jun-02,3.5093
27-Jun-02,3.504
28-Jun-02,3.509
1-Jul-02,3.508
2-Jul-02,3.515
3-Jul-02,3.522
4-Jul-02,3.52
5-Jul-02,3.535
8-Jul-02,3.537
9-Jul-02,3.534
10-Jul-02,3.543
11-Jul-02,3.542
12-Jul-02,3.544
15-Jul-02,3.534
16-Jul-02,3.529
17-Jul-02,3.535
18-Jul-02,3.533
19-Jul-02,3.53
22-Jul-02,3.518
23-Jul-02,3.524
24-Jul-02,3.534
25-Jul-02,3.541
26-Jul-02,3.533
29-Jul-02,n.d.
30-Jul-02,n.d.
31-Jul-02,3.548
01Ago02,3.554
02Ago02,3.542
05Ago02,3.545
06Ago02,3.554
07Ago02,3.552
08Ago02,3.536
09Ago02,3.547
12Ago02,3.563
13Ago02,3.572
14Ago02,3.567
15Ago02,3.564
16Ago02,3.561
19Ago02,3.559
20Ago02,3.566
21Ago02,3.573
22Ago02,3.59
23Ago02,3.592
26Ago02,3.591
27Ago02,3.6
28Ago02,3.61
29Ago02,3.611
30Ago02,n.d.
02Set02,3.612
03Set02,3.627
04Set02,3.64
05Set02,3.649
06Set02,3.636
09Set02,3.613
10Set02,3.61
11Set02,3.607
12Set02,3.586
13Set02,3.566
16Set02,3.588
17Set02,3.597
18Set02,3.598
19Set02,3.608
20Set02,3.625
23Set02,3.624
24Set02,3.63
25Set02,3.636
26Set02,3.638
27Set02,3.643
30Set02,3.643
1-Oct-02,3.627
2-Oct-02,3.626
3-Oct-02,3.633
4-Oct-02,3.612
7-Oct-02,n.d.
8-Oct-02,n.d.
9-Oct-02,3.623
10-Oct-02,3.618
11-Oct-02,3.614
14-Oct-02,3.614
15-Oct-02,3.626
16-Oct-02,3.629
17-Oct-02,3.625
18-Oct-02,3.613
21-Oct-02,3.619
22-Oct-02,3.618
23-Oct-02,3.609
24-Oct-02,3.601
25-Oct-02,3.588
28-Oct-02,3.587
29-Oct-02,3.597
30-Oct-02,3.606
31-Oct-02,3.6
1-Nov-02,n.d.
4-Nov-02,3.597
5-Nov-02,3.605
6-Nov-02,3.614
7-Nov-02,3.613
8-Nov-02,3.608
11-Nov-02,3.6
12-Nov-02,3.599
13-Nov-02,3.597
14-Nov-02,3.599
15-Nov-02,3.6
18-Nov-02,3.59
19-Nov-02,3.584
20-Nov-02,3.584
21-Nov-02,3.578
22-Nov-02,3.575
25-Nov-02,3.574
26-Nov-02,3.552
27-Nov-02,3.544
28-Nov-02,3.525
29-Nov-02,3.506
02Dic02,3.515
03Dic02,3.543
04Dic02,3.551
05Dic02,3.535
06Dic02,3.525
09Dic02,3.518
10Dic02,3.519
11Dic02,3.515
12Dic02,3.503
13Dic02,3.499
16Dic02,3.489
17Dic02,3.493
18Dic02,3.498
19Dic02,3.508
20Dic02,3.511
23Dic02,3.501
24Dic02,3.496
25Dic02,n.d.
26Dic02,3.51
27Dic02,3.52
30Dic02,3.515
31Dic02,3.513
01Ene03,n.d.
02Ene03,3.506
03Ene03,3.498
06Ene03,3.5
07Ene03,3.495
08Ene03,3.491
09Ene03,3.489
10Ene03,3.493
13Ene03,3.488
14Ene03,3.486
15Ene03,3.483
16Ene03,3.485
17Ene03,3.487
20Ene03,3.49
21Ene03,3.496
22Ene03,3.502
23Ene03,3.499
24Ene03,3.497
27Ene03,3.498
28Ene03,3.496
29Ene03,3.499
30Ene03,3.488
31Ene03,3.483
3-Feb-03,3.481
4-Feb-03,3.49
5-Feb-03,3.493
6-Feb-03,3.489
7-Feb-03,3.489
10-Feb-03,3.487
11-Feb-03,3.483
12-Feb-03,3.483
13-Feb-03,3.489
14-Feb-03,3.484
17-Feb-03,3.479
18-Feb-03,3.479
19-Feb-03,3.481
20-Feb-03,3.48
21-Feb-03,3.479
24-Feb-03,3.479
25-Feb-03,3.481
26-Feb-03,3.481
27-Feb-03,3.479
28-Feb-03,3.478
3-Mar-03,3.475
4-Mar-03,3.474
5-Mar-03,3.474
6-Mar-03,3.477
7-Mar-03,3.48
10-Mar-03,3.482
11-Mar-03,3.479
12-Mar-03,3.478
13-Mar-03,3.478
14-Mar-03,3.476
17-Mar-03,3.479
18-Mar-03,3.481
19-Mar-03,3.484
20-Mar-03,3.487
21-Mar-03,3.482
24-Mar-03,3.479
25-Mar-03,3.477
26-Mar-03,3.478
27-Mar-03,3.476
28-Mar-03,3.476
31-Mar-03,3.472
01Abr03,3.472
02Abr03,3.471
03Abr03,3.471
04Abr03,3.471
07Abr03,3.468
08Abr03,3.466
09Abr03,3.466
10Abr03,3.466
11Abr03,3.464
14Abr03,3.459
15Abr03,3.461
16Abr03,3.458
17Abr03,n.d.
18Abr03,n.d.
21Abr03,3.458
22Abr03,3.457
23Abr03,3.461
24Abr03,3.461
25Abr03,3.463
28Abr03,3.463
29Abr03,3.459
30Abr03,3.461
1-May-03,n.d.
2-May-03,3.4622
5-May-03,3.466
6-May-03,3.472
7-May-03,3.473
8-May-03,3.472
9-May-03,3.473
12-May-03,3.473
13-May-03,3.474
14-May-03,3.473
15-May-03,3.473
16-May-03,3.474
19-May-03,3.481
20-May-03,3.487
21-May-03,3.487
22-May-03,3.489
23-May-03,3.49
26-May-03,3.489
27-May-03,3.491
28-May-03,3.499
29-May-03,3.494
30-May-03,3.494
2-Jun-03,3.491
3-Jun-03,3.492
4-Jun-03,3.487
5-Jun-03,3.483
6-Jun-03,3.481
9-Jun-03,3.482
10-Jun-03,3.487
11-Jun-03,3.483
12-Jun-03,3.48
13-Jun-03,3.473
16-Jun-03,3.468
17-Jun-03,3.471
18-Jun-03,3.472
19-Jun-03,3.471
20-Jun-03,3.47
23-Jun-03,3.473
24-Jun-03,3.475
25-Jun-03,3.478
26-Jun-03,3.476
27-Jun-03,3.475
30-Jun-03,3.469
1-Jul-03,3.471
2-Jul-03,3.469
3-Jul-03,3.468
4-Jul-03,3.469
7-Jul-03,3.469
8-Jul-03,3.475
9-Jul-03,3.471
10-Jul-03,3.473
11-Jul-03,3.473
14-Jul-03,3.47
15-Jul-03,3.47
16-Jul-03,3.47
17-Jul-03,3.469
18-Jul-03,3.47
21-Jul-03,3.471
22-Jul-03,3.47
23-Jul-03,3.471
24-Jul-03,3.472
25-Jul-03,3.473
28-Jul-03,n.d.
29-Jul-03,n.d.
30-Jul-03,3.471
31-Jul-03,3.472
01Ago03,3.472
04Ago03,3.474
05Ago03,3.476
06Ago03,3.48
07Ago03,3.48
08Ago03,3.485
11Ago03,3.481
12Ago03,3.483
13Ago03,3.484
14Ago03,3.481
15Ago03,3.478
18Ago03,3.48
19Ago03,3.481
20Ago03,3.48
21Ago03,3.481
22Ago03,3.48
25Ago03,3.48
26Ago03,3.479
27Ago03,3.478
28Ago03,3.48
29Ago03,3.479
01Set03,3.48
02Set03,3.48
03Set03,3.483
04Set03,3.483
05Set03,3.483
08Set03,3.482
09Set03,3.48
10Set03,3.479
11Set03,3.478
12Set03,3.478
15Set03,3.477
16Set03,3.477
17Set03,3.477
18Set03,3.477
19Set03,3.478
22Set03,3.479
23Set03,3.482
24Set03,3.482
25Set03,3.483
26Set03,3.481
29Set03,3.482
30Set03,3.482
1-Oct-03,3.48
2-Oct-03,3.481
3-Oct-03,3.48
6-Oct-03,3.48
7-Oct-03,3.48
8-Oct-03,n.d.
9-Oct-03,3.481
10-Oct-03,3.481
13-Oct-03,3.478
14-Oct-03,3.478
15-Oct-03,3.479
16-Oct-03,3.478
17-Oct-03,3.479
20-Oct-03,3.478
21-Oct-03,3.478
22-Oct-03,3.477
23-Oct-03,3.476
24-Oct-03,3.474
27-Oct-03,3.475
28-Oct-03,3.476
29-Oct-03,3.474
30-Oct-03,3.471
31-Oct-03,3.472
3-Nov-03,3.472
4-Nov-03,3.473
5-Nov-03,3.473
6-Nov-03,3.477
7-Nov-03,3.479
10-Nov-03,3.479
11-Nov-03,3.478
12-Nov-03,3.477
13-Nov-03,3.477
14-Nov-03,3.474
17-Nov-03,3.475
18-Nov-03,3.476
19-Nov-03,3.479
20-Nov-03,3.48
21-Nov-03,3.478
24-Nov-03,3.478
25-Nov-03,3.478
26-Nov-03,3.48
27-Nov-03,3.479
28-Nov-03,3.479
01Dic03,3.478
02Dic03,3.477
03Dic03,3.477
04Dic03,3.477
05Dic03,3.476
08Dic03,n.d.
09Dic03,3.476
10Dic03,3.477
11Dic03,3.474
12Dic03,3.473
15Dic03,3.474
16Dic03,3.474
17Dic03,3.47
18Dic03,3.47
19Dic03,3.465
22Dic03,3.461
23Dic03,3.463
24Dic03,3.463
25Dic03,n.d.
26Dic03,3.464
29Dic03,3.467
30Dic03,3.466
31Dic03,3.461
01Ene04,n.d.
02Ene04,3.462
05Ene04,3.463
06Ene04,3.461
07Ene04,3.46
08Ene04,3.457
09Ene04,3.456
12Ene04,3.458
13Ene04,3.46
14Ene04,3.458
15Ene04,3.454
16Ene04,3.452
19Ene04,3.457
20Ene04,3.46
21Ene04,3.463
22Ene04,3.471
23Ene04,3.473
26Ene04,3.472
27Ene04,3.482
28Ene04,3.484
29Ene04,3.498
30Ene04,3.498
2-Feb-04,3.503
3-Feb-04,3.496
4-Feb-04,3.492
5-Feb-04,3.492
6-Feb-04,3.49
9-Feb-04,3.489
10-Feb-04,3.485
11-Feb-04,3.486
12-Feb-04,3.489
13-Feb-04,3.491
16-Feb-04,3.482
17-Feb-04,3.476
18-Feb-04,3.473
19-Feb-04,3.472
20-Feb-04,3.474
23-Feb-04,3.475
24-Feb-04,3.473
25-Feb-04,3.474
26-Feb-04,3.473
27-Feb-04,3.472
1-Mar-04,3.471
2-Mar-04,3.472
3-Mar-04,3.474
4-Mar-04,3.474
5-Mar-04,3.473
8-Mar-04,3.471
9-Mar-04,3.466
10-Mar-04,3.465
11-Mar-04,3.466
12-Mar-04,3.461
15-Mar-04,3.46
16-Mar-04,3.463
17-Mar-04,3.464
18-Mar-04,3.465
19-Mar-04,3.462
22-Mar-04,3.459
23-Mar-04,3.458
24-Mar-04,3.46
25-Mar-04,3.461
26-Mar-04,3.459
29-Mar-04,3.46
30-Mar-04,3.459
31-Mar-04,3.459
01Abr04,3.459
02Abr04,3.457
05Abr04,3.457
06Abr04,3.458
07Abr04,3.461
08Abr04,n.d.
09Abr04,n.d.
12Abr04,3.461
13Abr04,3.463
14Abr04,3.466
15Abr04,3.465
16Abr04,3.465
19Abr04,3.465
20Abr04,3.468
21Abr04,3.469
22Abr04,3.472
23Abr04,3.478
26Abr04,3.482
27Abr04,3.484
28Abr04,3.483
29Abr04,3.485
30Abr04,3.482
3-May-04,3.484
4-May-04,3.482
5-May-04,3.482
6-May-04,3.485
7-May-04,3.49
10-May-04,3.49
11-May-04,3.487
12-May-04,3.486
13-May-04,3.486
14-May-04,3.482
17-May-04,3.482
18-May-04,3.482
19-May-04,3.483
20-May-04,3.489
21-May-04,3.488
24-May-04,3.493
25-May-04,3.492
26-May-04,3.49
27-May-04,3.488
28-May-04,3.488
31-May-04,3.486
1-Jun-04,3.488
2-Jun-04,3.487
3-Jun-04,3.486
4-Jun-04,3.485
7-Jun-04,3.485
8-Jun-04,3.48
9-Jun-04,3.475
10-Jun-04,3.478
11-Jun-04,3.477
14-Jun-04,3.481
15-Jun-04,3.477
16-Jun-04,3.475
17-Jun-04,3.474
18-Jun-04,3.471
21-Jun-04,3.472
22-Jun-04,3.471
23-Jun-04,3.469
24-Jun-04,3.469
25-Jun-04,3.468
28-Jun-04,3.468
29-Jun-04,n.d.
30-Jun-04,3.47
1-Jul-04,3.469
2-Jul-04,3.467
5-Jul-04,3.468
6-Jul-04,3.466
7-Jul-04,3.463
8-Jul-04,3.461
9-Jul-04,3.454
12-Jul-04,3.443
13-Jul-04,3.434
14-Jul-04,3.437
15-Jul-04,3.436
16-Jul-04,3.433
19-Jul-04,3.424
20-Jul-04,3.42
21-Jul-04,3.424
22-Jul-04,3.423
23-Jul-04,3.419
26-Jul-04,3.423
27-Jul-04,3.425
28-Jul-04,n.d.
29-Jul-04,n.d.
30-Jul-04,3.419
02Ago04,3.412
03Ago04,3.408
04Ago04,3.42
05Ago04,3.416
06Ago04,3.411
09Ago04,3.407
10Ago04,3.409
11Ago04,3.406
12Ago04,3.408
13Ago04,3.407
16Ago04,3.408
17Ago04,3.405
18Ago04,3.388
19Ago04,3.38
20Ago04,3.38
23Ago04,3.379
24Ago04,3.381
25Ago04,3.378
26Ago04,3.366
27Ago04,3.363
30Ago04,n.d.
31Ago04,3.355
01Set04,3.365
02Set04,3.37
03Set04,3.381
06Set04,3.38
07Set04,3.37
08Set04,3.366
09Set04,3.366
10Set04,3.367
13Set04,3.359
14Set04,3.352
15Set04,3.349
16Set04,3.348
17Set04,3.35
20Set04,3.348
21Set04,3.35
22Set04,3.351
23Set04,3.347
24Set04,3.347
27Set04,3.35
28Set04,3.348
29Set04,3.344
30Set04,3.341
1-Oct-04,3.335
4-Oct-04,3.335
5-Oct-04,3.335
6-Oct-04,3.332
7-Oct-04,3.327
8-Oct-04,n.d.
11-Oct-04,3.311
12-Oct-04,3.307
13-Oct-04,3.312
14-Oct-04,3.323
15-Oct-04,3.32
18-Oct-04,3.312
19-Oct-04,3.315
20-Oct-04,3.316
21-Oct-04,3.312
22-Oct-04,3.309
25-Oct-04,3.313
26-Oct-04,3.321
27-Oct-04,3.32
28-Oct-04,3.323
29-Oct-04,3.322
1-Nov-04,n.d.
2-Nov-04,3.319
3-Nov-04,3.316
4-Nov-04,3.314
5-Nov-04,3.311
8-Nov-04,3.312
9-Nov-04,3.309
10-Nov-04,3.306
11-Nov-04,3.311
12-Nov-04,3.304
15-Nov-04,3.304
16-Nov-04,3.302
17-Nov-04,3.305
18-Nov-04,3.309
19-Nov-04,3.31
22-Nov-04,3.313
23-Nov-04,3.315
24-Nov-04,3.312
25-Nov-04,3.308
26-Nov-04,3.306
29-Nov-04,3.304
30-Nov-04,3.304
01Dic04,3.302
02Dic04,3.301
03Dic04,3.299
06Dic04,3.296
07Dic04,3.297
08Dic04,n.d.
09Dic04,3.3
10Dic04,3.293
13Dic04,3.285
14Dic04,3.274
15Dic04,3.263
16Dic04,3.267
17Dic04,3.269
20Dic04,3.268
21Dic04,3.263
22Dic04,3.267
23Dic04,3.266
24Dic04,3.263
27Dic04,3.27
28Dic04,3.277
29Dic04,3.286
30Dic04,3.281
31Dic04,3.28
03Ene05,3.282
04Ene05,3.279
05Ene05,3.273
06Ene05,3.275
07Ene05,3.275
10Ene05,3.273
11Ene05,3.272
12Ene05,3.266
13Ene05,3.263
14Ene05,3.262
17Ene05,3.257
18Ene05,3.263
19Ene05,3.263
20Ene05,3.269
21Ene05,3.266
24Ene05,3.268
25Ene05,3.267
26Ene05,3.263
27Ene05,3.259
28Ene05,3.258
31Ene05,3.261
1-Feb-05,3.262
2-Feb-05,3.259
3-Feb-05,3.259
4-Feb-05,3.257
7-Feb-05,3.261
8-Feb-05,3.26
9-Feb-05,3.258
10-Feb-05,3.258
11-Feb-05,3.257
14-Feb-05,3.257
15-Feb-05,3.259
16-Feb-05,3.258
17-Feb-05,3.258
18-Feb-05,3.26
21-Feb-05,3.258
22-Feb-05,3.256
23-Feb-05,3.256
24-Feb-05,3.256
25-Feb-05,3.256
28-Feb-05,3.255
1-Mar-05,3.257
2-Mar-05,3.26
3-Mar-05,3.261
4-Mar-05,3.257
7-Mar-05,3.257
8-Mar-05,3.258
9-Mar-05,3.257
10-Mar-05,3.257
11-Mar-05,3.256
14-Mar-05,3.255
15-Mar-05,3.256
16-Mar-05,3.262
17-Mar-05,3.258
18-Mar-05,3.259
21-Mar-05,3.259
22-Mar-05,3.259
23-Mar-05,3.26
24-Mar-05,n.d.
25-Mar-05,n.d.
28-Mar-05,3.26
29-Mar-05,3.26
30-Mar-05,3.259
31-Mar-05,3.259
01Abr05,3.258
04Abr05,n.d.
05Abr05,3.258
06Abr05,3.258
07Abr05,3.257
08Abr05,3.259
11Abr05,3.26
12Abr05,3.259
13Abr05,3.258
14Abr05,3.257
15Abr05,3.258
18Abr05,3.257
19Abr05,3.257
20Abr05,3.257
21Abr05,3.256
22Abr05,3.254
25Abr05,3.254
26Abr05,3.254
27Abr05,3.256
28Abr05,3.257
29Abr05,3.257
2-May-05,n.d.
3-May-05,3.255
4-May-05,3.257
5-May-05,3.258
6-May-05,3.256
9-May-05,3.255
10-May-05,3.253
11-May-05,3.254
12-May-05,3.254
13-May-05,3.254
16-May-05,3.254
17-May-05,3.253
18-May-05,3.253
19-May-05,3.253
20-May-05,3.254
23-May-05,3.253
24-May-05,3.254
25-May-05,3.254
26-May-05,3.254
27-May-05,3.251
30-May-05,3.253
31-May-05,3.252
1-Jun-05,3.253
2-Jun-05,3.254
3-Jun-05,3.253
6-Jun-05,3.254
7-Jun-05,3.254
8-Jun-05,3.253
9-Jun-05,3.252
10-Jun-05,3.251
13-Jun-05,3.251
14-Jun-05,3.25
15-Jun-05,3.251
16-Jun-05,3.25
17-Jun-05,3.251
20-Jun-05,3.251
21-Jun-05,3.252
22-Jun-05,3.252
23-Jun-05,3.253
24-Jun-05,3.253
27-Jun-05,3.252
28-Jun-05,3.253
29-Jun-05,n.d.
30-Jun-05,3.252
1-Jul-05,3.251
4-Jul-05,3.25
5-Jul-05,3.251
6-Jul-05,3.251
7-Jul-05,3.25
8-Jul-05,3.249
11-Jul-05,3.25
12-Jul-05,3.25
13-Jul-05,3.251
14-Jul-05,3.252
15-Jul-05,3.251
18-Jul-05,3.252
19-Jul-05,3.252
20-Jul-05,3.252
21-Jul-05,3.252
22-Jul-05,3.252
25-Jul-05,3.252
26-Jul-05,3.254
27-Jul-05,3.253
28-Jul-05,n.d.
29-Jul-05,n.d.
01Ago05,3.252
02Ago05,3.253
03Ago05,3.253
04Ago05,3.253
05Ago05,3.252
08Ago05,3.251
09Ago05,3.251
10Ago05,3.252
11Ago05,3.251
12Ago05,3.252
15Ago05,3.253
16Ago05,3.252
17Ago05,3.253
18Ago05,3.253
19Ago05,3.254
22Ago05,3.254
23Ago05,3.256
24Ago05,3.257
25Ago05,3.261
26Ago05,3.268
29Ago05,3.285
30Ago05,n.d.
31Ago05,3.283
01Set05,3.278
02Set05,3.299
05Set05,3.317
06Set05,3.319
07Set05,3.295
08Set05,3.297
09Set05,3.289
12Set05,3.283
13Set05,3.288
14Set05,3.288
15Set05,3.294
16Set05,3.295
19Set05,3.303
20Set05,3.3
21Set05,3.303
22Set05,3.32
23Set05,3.319
26Set05,3.317
27Set05,3.321
28Set05,3.331
29Set05,3.348
30Set05,3.342
3-Oct-05,3.35
4-Oct-05,3.349
5-Oct-05,3.36
6-Oct-05,3.366
7-Oct-05,3.385
10-Oct-05,3.362
11-Oct-05,3.376
12-Oct-05,3.389
13-Oct-05,3.39
14-Oct-05,3.392
17-Oct-05,3.381
18-Oct-05,3.385
19-Oct-05,3.392
20-Oct-05,3.393
21-Oct-05,3.39
24-Oct-05,3.39
25-Oct-05,3.392
26-Oct-05,3.389
27-Oct-05,3.386
28-Oct-05,3.38
31-Oct-05,3.376
1-Nov-05,n.d.
2-Nov-05,3.368
3-Nov-05,3.359
4-Nov-05,3.357
7-Nov-05,3.358
8-Nov-05,3.356
9-Nov-05,3.363
10-Nov-05,3.361
11-Nov-05,3.356
14-Nov-05,3.36
15-Nov-05,3.363
16-Nov-05,3.361
17-Nov-05,3.365
18-Nov-05,3.377
21-Nov-05,3.381
22-Nov-05,3.391
23-Nov-05,3.388
24-Nov-05,3.395
25-Nov-05,3.395
28-Nov-05,3.404
29-Nov-05,3.412
30-Nov-05,3.408
01Dic05,3.414
02Dic05,3.4
05Dic05,3.409
06Dic05,3.411
07Dic05,3.411
08Dic05,n.d.
09Dic05,3.409
12Dic05,3.431
13Dic05,3.439
14Dic05,3.439
15Dic05,3.44
16Dic05,3.439
19Dic05,3.438
20Dic05,3.438
21Dic05,3.437
22Dic05,3.421
23Dic05,3.408
26Dic05,3.409
27Dic05,3.42
28Dic05,3.42
29Dic05,3.427
30Dic05,3.429
02Ene06,3.422
03Ene06,3.429
04Ene06,3.436
05Ene06,3.437
06Ene06,3.441
09Ene06,3.443
10Ene06,3.443
11Ene06,3.444
12Ene06,3.445
13Ene06,3.451
16Ene06,3.441
17Ene06,3.426
18Ene06,3.384
19Ene06,3.357
20Ene06,3.355
23Ene06,3.355
24Ene06,3.335
25Ene06,3.343
26Ene06,3.314
27Ene06,3.315
30Ene06,3.305
31Ene06,3.31
1-Feb-06,3.307
2-Feb-06,3.313
3-Feb-06,3.298
6-Feb-06,3.293
7-Feb-06,3.288
8-Feb-06,3.28
9-Feb-06,3.286
10-Feb-06,3.289
13-Feb-06,3.287
14-Feb-06,3.287
15-Feb-06,3.288
16-Feb-06,3.284
17-Feb-06,3.283
20-Feb-06,3.281
21-Feb-06,3.28
22-Feb-06,3.279
23-Feb-06,3.281
24-Feb-06,3.281
27-Feb-06,3.282
28-Feb-06,3.29
1-Mar-06,3.303
2-Mar-06,3.331
3-Mar-06,3.326
6-Mar-06,3.328
7-Mar-06,3.332
8-Mar-06,3.339
9-Mar-06,3.328
10-Mar-06,3.33
13-Mar-06,3.345
14-Mar-06,3.339
15-Mar-06,3.334
16-Mar-06,3.325
17-Mar-06,3.324
20-Mar-06,3.348
21-Mar-06,3.348
22-Mar-06,3.343
23-Mar-06,3.359
24-Mar-06,3.371
27-Mar-06,3.354
28-Mar-06,3.346
29-Mar-06,3.324
30-Mar-06,3.35
31-Mar-06,3.356
03Abr06,3.361
04Abr06,3.36
05Abr06,3.371
06Abr06,3.362
07Abr06,3.366
10Abr06,3.323
11Abr06,3.344
12Abr06,3.327
13Abr06,n.d.
14Abr06,n.d.
17Abr06,3.314
18Abr06,3.308
19Abr06,3.31
20Abr06,3.315
21Abr06,3.312
24Abr06,3.317
25Abr06,3.318
26Abr06,3.316
27Abr06,3.32
28Abr06,3.31
1-May-06,n.d.
2-May-06,3.302
3-May-06,3.304
4-May-06,3.296
5-May-06,3.29
8-May-06,3.289
9-May-06,3.278
10-May-06,3.28
11-May-06,3.279
12-May-06,3.279
15-May-06,3.274
16-May-06,3.272
17-May-06,3.26
18-May-06,3.26
19-May-06,3.258
22-May-06,3.265
23-May-06,3.262
24-May-06,3.267
25-May-06,3.265
26-May-06,3.268
29-May-06,3.281
30-May-06,3.296
31-May-06,3.2935
1-Jun-06,3.2791
2-Jun-06,3.27
5-Jun-06,3.252
6-Jun-06,3.255
7-Jun-06,3.262
8-Jun-06,3.265
9-Jun-06,3.26
12-Jun-06,3.26
13-Jun-06,3.263
14-Jun-06,3.263
15-Jun-06,3.263
16-Jun-06,3.263
19-Jun-06,3.263
20-Jun-06,3.264
21-Jun-06,3.263
22-Jun-06,3.263
23-Jun-06,3.268
26-Jun-06,3.267
27-Jun-06,3.267
28-Jun-06,3.264
29-Jun-06,n.d.
30-Jun-06,3.259
3-Jul-06,3.259
4-Jul-06,3.256
5-Jul-06,3.257
6-Jul-06,3.248
7-Jul-06,3.239
10-Jul-06,3.239
11-Jul-06,3.239
12-Jul-06,3.239
13-Jul-06,3.239
14-Jul-06,3.239
17-Jul-06,3.239
18-Jul-06,3.24
19-Jul-06,3.241
20-Jul-06,3.24
21-Jul-06,3.24
24-Jul-06,3.241
25-Jul-06,3.239
26-Jul-06,3.239
27-Jul-06,3.24
28-Jul-06,n.d.
31-Jul-06,3.237
01Ago06,3.24
02Ago06,3.242
03Ago06,3.242
04Ago06,3.24
07Ago06,3.237
08Ago06,3.228
09Ago06,3.229
10Ago06,3.229
11Ago06,3.228
14Ago06,3.228
15Ago06,3.227
16Ago06,3.225
17Ago06,3.226
18Ago06,3.226
21Ago06,3.229
22Ago06,3.231
23Ago06,3.23
24Ago06,3.234
25Ago06,3.238
28Ago06,3.243
29Ago06,3.25
30Ago06,n.d.
31Ago06,3.24
01Set06,3.239
04Set06,3.242
05Set06,3.243
06Set06,3.244
07Set06,3.243
08Set06,3.244
11Set06,3.25
12Set06,3.251
13Set06,3.252
14Set06,3.256
15Set06,3.246
18Set06,3.245
19Set06,3.244
20Set06,3.246
21Set06,3.247
22Set06,3.248
25Set06,3.249
26Set06,3.248
27Set06,3.25
28Set06,3.252
29Set06,3.249
2-Oct-06,3.249
3-Oct-06,3.247
4-Oct-06,3.249
5-Oct-06,3.249
6-Oct-06,3.248
9-Oct-06,3.246
10-Oct-06,3.245
11-Oct-06,3.244
12-Oct-06,3.244
13-Oct-06,3.245
16-Oct-06,3.244
17-Oct-06,3.244
18-Oct-06,3.24
19-Oct-06,3.241
20-Oct-06,3.232
23-Oct-06,3.221
24-Oct-06,3.221
25-Oct-06,3.225
26-Oct-06,3.225
27-Oct-06,3.222
30-Oct-06,3.216
31-Oct-06,3.214
1-Nov-06,n.d.
2-Nov-06,3.21
3-Nov-06,3.216
6-Nov-06,3.218
7-Nov-06,3.217
8-Nov-06,3.215
9-Nov-06,3.216
10-Nov-06,3.217
13-Nov-06,3.218
14-Nov-06,3.223
15-Nov-06,3.23
16-Nov-06,3.225
17-Nov-06,3.226
20-Nov-06,3.225
21-Nov-06,3.225
22-Nov-06,3.229
23-Nov-06,3.225
24-Nov-06,3.225
27-Nov-06,3.225
28-Nov-06,3.226
29-Nov-06,3.222
30-Nov-06,3.221
01Dic06,3.216
04Dic06,3.215
05Dic06,3.211
06Dic06,3.213
07Dic06,3.211
08Dic06,n.d.
11Dic06,3.207
12Dic06,3.211
13Dic06,3.21
14Dic06,3.208
15Dic06,3.203
18Dic06,3.202
19Dic06,3.203
20Dic06,3.199
21Dic06,3.197
22Dic06,3.198
25Dic06,n.d.
26Dic06,3.198
27Dic06,3.196
28Dic06,3.196
29Dic06,3.194
01Ene07,n.d.
02Ene07,3.191
03Ene07,3.19
04Ene07,3.191
05Ene07,3.191
08Ene07,3.191
09Ene07,3.191
10Ene07,3.193
11Ene07,3.191
12Ene07,3.19
15Ene07,3.19
16Ene07,3.189
17Ene07,3.188
18Ene07,3.187
19Ene07,3.189
22Ene07,3.188
23Ene07,3.19
24Ene07,3.193
25Ene07,3.195
26Ene07,3.197
29Ene07,3.199
30Ene07,3.201
31Ene07,3.198
1-Feb-07,3.196
2-Feb-07,3.194
5-Feb-07,3.194
6-Feb-07,3.193
7-Feb-07,3.19
8-Feb-07,3.189
9-Feb-07,3.191
12-Feb-07,3.192
13-Feb-07,3.191
14-Feb-07,3.189
15-Feb-07,3.188
16-Feb-07,3.186
19-Feb-07,3.187
20-Feb-07,3.188
21-Feb-07,3.189
22-Feb-07,3.188
23-Feb-07,3.188
26-Feb-07,3.186
27-Feb-07,3.189
28-Feb-07,3.189
1-Mar-07,3.19
2-Mar-07,3.187
5-Mar-07,3.187
6-Mar-07,3.187
7-Mar-07,3.186
8-Mar-07,3.186
9-Mar-07,3.186
12-Mar-07,3.185
13-Mar-07,3.185
14-Mar-07,3.184
15-Mar-07,3.184
16-Mar-07,3.185
19-Mar-07,3.186
20-Mar-07,3.186
21-Mar-07,3.186
22-Mar-07,3.185
23-Mar-07,3.184
26-Mar-07,3.182
27-Mar-07,3.182
28-Mar-07,3.183
29-Mar-07,3.183
30-Mar-07,3.182
02Abr07,3.182
03Abr07,3.181
04Abr07,3.18
05Abr07,n.d.
06Abr07,n.d.
09Abr07,3.18
10Abr07,3.181
11Abr07,3.181
12Abr07,3.181
13Abr07,3.18
16Abr07,3.179
17Abr07,3.178
18Abr07,3.177
19Abr07,3.178
20Abr07,3.178
23Abr07,3.178
24Abr07,3.176
25Abr07,3.175
26Abr07,3.173
27Abr07,3.171
30Abr07,3.171
1-May-07,n.d.
2-May-07,3.17
3-May-07,3.171
4-May-07,3.166
7-May-07,3.166
8-May-07,3.166
9-May-07,3.165
10-May-07,3.166
11-May-07,3.169
14-May-07,3.168
15-May-07,3.165
16-May-07,3.164
17-May-07,3.161
18-May-07,3.156
21-May-07,3.163
22-May-07,3.163
23-May-07,3.164
24-May-07,3.168
25-May-07,3.17
28-May-07,3.172
29-May-07,3.172
30-May-07,3.175
31-May-07,3.174
1-Jun-07,3.172
4-Jun-07,3.17
5-Jun-07,3.169
6-Jun-07,3.169
7-Jun-07,3.172
8-Jun-07,3.174
11-Jun-07,3.171
12-Jun-07,3.172
13-Jun-07,3.171
14-Jun-07,3.171
15-Jun-07,3.168
18-Jun-07,3.167
19-Jun-07,3.167
20-Jun-07,3.166
21-Jun-07,3.168
22-Jun-07,3.17
25-Jun-07,3.17
26-Jun-07,3.171
27-Jun-07,3.17
28-Jun-07,3.167
29-Jun-07,n.d.
2-Jul-07,3.166
3-Jul-07,3.166
4-Jul-07,3.165
5-Jul-07,3.164
6-Jul-07,3.164
9-Jul-07,3.163
10-Jul-07,3.161
11-Jul-07,3.158
12-Jul-07,3.158
13-Jul-07,3.158
16-Jul-07,3.158
17-Jul-07,3.158
18-Jul-07,3.158
19-Jul-07,3.157
20-Jul-07,3.157
23-Jul-07,3.156
24-Jul-07,3.156
25-Jul-07,3.158
26-Jul-07,3.163
27-Jul-07,3.163
30-Jul-07,3.162
31-Jul-07,3.16
01Ago07,3.158
02Ago07,3.157
03Ago07,3.157
06Ago07,3.157
07Ago07,3.154
08Ago07,3.15
09Ago07,3.152
10Ago07,3.15
13Ago07,3.153
14Ago07,3.146
15Ago07,3.144
16Ago07,3.163
17Ago07,3.16
20Ago07,3.154
21Ago07,3.168
22Ago07,3.164
23Ago07,3.162
24Ago07,3.164
27Ago07,3.163
28Ago07,3.165
29Ago07,3.164
30Ago07,n.d.
31Ago07,3.162
03Set07,3.161
04Set07,3.162
05Set07,3.163
06Set07,3.164
07Set07,3.161
10Set07,3.161
11Set07,3.159
12Set07,3.154
13Set07,3.145
14Set07,3.138
17Set07,3.138
18Set07,3.132
19Set07,3.125
20Set07,3.12
21Set07,3.113
24Set07,3.114
25Set07,3.112
26Set07,3.105
27Set07,3.098
28Set07,3.085
1-Oct-07,3.064
2-Oct-07,3.043
3-Oct-07,3.026
4-Oct-07,3.02
5-Oct-07,3.02
8-Oct-07,n.d.
9-Oct-07,3.018
10-Oct-07,3.016
11-Oct-07,3.011
12-Oct-07,3.014
15-Oct-07,3.015
16-Oct-07,3.02
17-Oct-07,3.018
18-Oct-07,3.021
19-Oct-07,3.021
22-Oct-07,3.02
23-Oct-07,3.018
24-Oct-07,3.019
25-Oct-07,3.017
26-Oct-07,3.015
29-Oct-07,3.012
30-Oct-07,3.002
31-Oct-07,2.997
1-Nov-07,n.d.
2-Nov-07,2.999
5-Nov-07,3
6-Nov-07,3.005
7-Nov-07,3.004
8-Nov-07,3.003
9-Nov-07,2.994
12-Nov-07,2.993
13-Nov-07,2.991
14-Nov-07,2.996
15-Nov-07,2.995
16-Nov-07,2.996
19-Nov-07,2.998
20-Nov-07,2.998
21-Nov-07,3.004
22-Nov-07,3.001
23-Nov-07,3.006
26-Nov-07,3.015
27-Nov-07,3.012
28-Nov-07,3
29-Nov-07,3
30-Nov-07,2.998
03Dic07,2.998
04Dic07,3
05Dic07,2.989
06Dic07,2.982
07Dic07,2.972
10Dic07,2.972
11Dic07,2.967
12Dic07,2.969
13Dic07,2.973
14Dic07,2.975
17Dic07,2.974
18Dic07,2.976
19Dic07,2.974
20Dic07,2.974
21Dic07,2.976
24Dic07,2.975
25Dic07,n.d.
26Dic07,2.978
27Dic07,2.988
28Dic07,2.992
31Dic07,2.995
01Ene08,n.d.
02Ene08,2.983
03Ene08,2.97
04Ene08,n.d.
07Ene08,2.968
08Ene08,2.961
09Ene08,2.959
10Ene08,2.959
11Ene08,2.94
14Ene08,2.923
15Ene08,2.932
16Ene08,2.942
17Ene08,2.957
18Ene08,2.946
21Ene08,2.965
22Ene08,2.957
23Ene08,2.951
24Ene08,2.939
25Ene08,2.933
28Ene08,2.936
29Ene08,2.934
30Ene08,2.936
31Ene08,2.933
1-Feb-08,2.93
4-Feb-08,2.928
5-Feb-08,2.926
6-Feb-08,2.921
7-Feb-08,2.914
8-Feb-08,2.909
11-Feb-08,2.909
12-Feb-08,2.905
13-Feb-08,2.902
14-Feb-08,2.899
15-Feb-08,2.902
18-Feb-08,2.903
19-Feb-08,2.899
20-Feb-08,2.899
21-Feb-08,2.898
22-Feb-08,2.897
25-Feb-08,2.896
26-Feb-08,2.894
27-Feb-08,2.892
28-Feb-08,2.89
29-Feb-08,2.886
3-Mar-08,2.884
4-Mar-08,2.878
5-Mar-08,2.871
6-Mar-08,2.856
7-Mar-08,2.841
10-Mar-08,2.821
11-Mar-08,2.809
12-Mar-08,2.812
13-Mar-08,2.813
14-Mar-08,2.809
17-Mar-08,2.81
18-Mar-08,2.807
19-Mar-08,2.794
20-Mar-08,n.d.
21-Mar-08,n.d.
24-Mar-08,2.794
25-Mar-08,2.785
26-Mar-08,2.772
27-Mar-08,2.753
28-Mar-08,2.737
31-Mar-08,2.743
01Abr08,2.733
02Abr08,2.721
03Abr08,2.699
04Abr08,2.692
07Abr08,2.693
08Abr08,2.693
09Abr08,2.697
10Abr08,2.712
11Abr08,2.737
14Abr08,2.726
15Abr08,2.71
16Abr08,2.703
17Abr08,2.71
18Abr08,2.722
21Abr08,2.758
22Abr08,2.816
23Abr08,2.785
24Abr08,2.782
25Abr08,2.806
28Abr08,2.834
29Abr08,2.841
30Abr08,2.848
1-May-08,n.d.
2-May-08,2.786
5-May-08,2.786
6-May-08,2.789
7-May-08,2.769
8-May-08,2.761
9-May-08,2.756
12-May-08,2.76
13-May-08,2.768
14-May-08,2.761
15-May-08,n.d.
16-May-08,n.d.
19-May-08,n.d.
20-May-08,2.803
21-May-08,2.803
22-May-08,2.829
23-May-08,2.848
26-May-08,2.849
27-May-08,2.86
28-May-08,2.867
29-May-08,2.862
30-May-08,2.841
2-Jun-08,2.842
3-Jun-08,2.83
4-Jun-08,2.813
5-Jun-08,2.799
6-Jun-08,2.807
9-Jun-08,2.825
10-Jun-08,2.86
11-Jun-08,2.883
12-Jun-08,2.906
13-Jun-08,2.886
16-Jun-08,2.889
17-Jun-08,2.883
18-Jun-08,2.885
19-Jun-08,2.91
20-Jun-08,2.924
23-Jun-08,2.938
24-Jun-08,2.957
25-Jun-08,2.966
26-Jun-08,2.964
27-Jun-08,2.966
30-Jun-08,2.965
1-Jul-08,2.962
2-Jul-08,2.957
3-Jul-08,2.912
4-Jul-08,2.889
7-Jul-08,2.855
8-Jul-08,2.82
9-Jul-08,2.809
10-Jul-08,2.814
11-Jul-08,2.824
14-Jul-08,2.823
15-Jul-08,2.835
16-Jul-08,2.825
17-Jul-08,2.829
18-Jul-08,2.844
21-Jul-08,2.84
22-Jul-08,2.842
23-Jul-08,2.835
24-Jul-08,2.83
25-Jul-08,2.819
28-Jul-08,n.d.
29-Jul-08,n.d.
30-Jul-08,2.822
31-Jul-08,2.814
01Ago08,2.81
04Ago08,2.775
05Ago08,2.783
06Ago08,2.792
07Ago08,2.81
08Ago08,2.846
11Ago08,2.886
12Ago08,2.912
13Ago08,2.937
14Ago08,2.928
15Ago08,2.944
18Ago08,2.928
19Ago08,2.922
20Ago08,2.907
21Ago08,2.896
22Ago08,2.912
25Ago08,2.928
26Ago08,2.944
27Ago08,2.95
28Ago08,2.954
29Ago08,2.951
01Set08,2.956
02Set08,2.954
03Set08,2.965
04Set08,2.966
05Set08,2.968
08Set08,2.972
09Set08,2.974
10Set08,2.972
11Set08,2.973
12Set08,2.962
15Set08,2.972
16Set08,2.974
17Set08,2.974
18Set08,2.972
19Set08,2.95
22Set08,2.942
23Set08,2.944
24Set08,2.957
25Set08,2.958
26Set08,2.968
29Set08,2.98
30Set08,2.975
1-Oct-08,2.981
2-Oct-08,3.003
3-Oct-08,3
6-Oct-08,3.067
7-Oct-08,3.102
8-Oct-08,n.d.
9-Oct-08,3.154
10-Oct-08,3.117
13-Oct-08,3.046
14-Oct-08,3.04
15-Oct-08,3.07
16-Oct-08,3.07
17-Oct-08,3.062
20-Oct-08,3.054
21-Oct-08,3.072
22-Oct-08,3.105
23-Oct-08,3.096
24-Oct-08,3.102
27-Oct-08,3.103
28-Oct-08,3.102
29-Oct-08,3.091
30-Oct-08,3.087
31-Oct-08,3.086
3-Nov-08,3.075
4-Nov-08,3.075
5-Nov-08,3.073
6-Nov-08,3.084
7-Nov-08,3.085
10-Nov-08,3.084
11-Nov-08,3.09
12-Nov-08,3.102
13-Nov-08,3.107
14-Nov-08,3.096
17-Nov-08,3.1
18-Nov-08,3.102
19-Nov-08,3.103
20-Nov-08,n.d.
21-Nov-08,n.d.
24-Nov-08,3.091
25-Nov-08,3.092
26-Nov-08,3.093
27-Nov-08,3.091
28-Nov-08,3.094
01Dic08,3.099
02Dic08,3.11
03Dic08,3.117
04Dic08,3.115
05Dic08,3.119
08Dic08,n.d.
09Dic08,3.115
10Dic08,3.113
11Dic08,3.107
12Dic08,3.111
15Dic08,3.103
16Dic08,3.088
17Dic08,3.076
18Dic08,3.09
19Dic08,3.104
22Dic08,3.111
23Dic08,3.129
24Dic08,3.142
25Dic08,n.d.
26Dic08,n.d.
29Dic08,3.133
30Dic08,3.137
31Dic08,3.137
01Ene09,n.d.
02Ene09,n.d.
05Ene09,3.138
06Ene09,3.132
07Ene09,3.14
08Ene09,3.141
09Ene09,3.134
12Ene09,3.139
13Ene09,3.147
14Ene09,3.15
15Ene09,3.149
16Ene09,3.145
19Ene09,3.151
20Ene09,3.157
21Ene09,3.152
22Ene09,3.153
23Ene09,3.16
26Ene09,3.159
27Ene09,3.161
28Ene09,3.162
29Ene09,3.167
30Ene09,3.173
2-Feb-09,3.191
3-Feb-09,3.213
4-Feb-09,3.235
5-Feb-09,3.241
6-Feb-09,3.229
9-Feb-09,3.219
10-Feb-09,3.233
11-Feb-09,3.237
12-Feb-09,3.232
13-Feb-09,3.228
16-Feb-09,3.234
17-Feb-09,3.244
18-Feb-09,3.242
19-Feb-09,3.245
20-Feb-09,3.249
23-Feb-09,3.248
24-Feb-09,3.251
25-Feb-09,3.246
26-Feb-09,3.242
27-Feb-09,3.249
2-Mar-09,3.253
3-Mar-09,3.258
4-Mar-09,3.253
5-Mar-09,3.252
6-Mar-09,3.233
9-Mar-09,3.22
10-Mar-09,3.194
11-Mar-09,3.178
12-Mar-09,3.184
13-Mar-09,3.174
16-Mar-09,3.148
17-Mar-09,3.146
18-Mar-09,3.146
19-Mar-09,3.11
20-Mar-09,3.112
23-Mar-09,3.119
24-Mar-09,3.135
25-Mar-09,3.133
26-Mar-09,3.128
27-Mar-09,3.136
30-Mar-09,3.159
31-Mar-09,3.16
01Abr09,3.147
02Abr09,3.125
03Abr09,3.123
06Abr09,3.113
07Abr09,3.116
08Abr09,3.108
09Abr09,n.d.
10Abr09,n.d.
13Abr09,3.086
14Abr09,3.091
15Abr09,3.094
16Abr09,3.076
17Abr09,3.079
20Abr09,3.093
21Abr09,3.089
22Abr09,3.083
23Abr09,3.081
24Abr09,3.06
27Abr09,3.059
28Abr09,3.049
29Abr09,3.022
30Abr09,2.992
1-May-09,n.d.
4-May-09,2.974
5-May-09,2.972
6-May-09,2.962
7-May-09,2.957
8-May-09,2.954
11-May-09,2.964
12-May-09,2.988
13-May-09,3.043
14-May-09,3.028
15-May-09,3.02
18-May-09,3.011
19-May-09,3.003
20-May-09,2.987
21-May-09,2.999
22-May-09,3
25-May-09,3.004
26-May-09,3.003
27-May-09,3.004
28-May-09,3.007
29-May-09,2.994
1-Jun-09,2.968
2-Jun-09,2.967
3-Jun-09,2.974
4-Jun-09,2.971
5-Jun-09,2.966
8-Jun-09,2.978
9-Jun-09,2.981
10-Jun-09,2.981
11-Jun-09,2.978
12-Jun-09,2.976
15-Jun-09,2.981
16-Jun-09,2.987
17-Jun-09,3.001
18-Jun-09,2.992
19-Jun-09,2.982
22-Jun-09,3.023
23-Jun-09,3.023
24-Jun-09,3.017
25-Jun-09,3.023
26-Jun-09,3.011
29-Jun-09,n.d.
30-Jun-09,3.009
1-Jul-09,3.005
2-Jul-09,3.014
3-Jul-09,3.015
6-Jul-09,3.021
7-Jul-09,3.017
8-Jul-09,3.027
9-Jul-09,3.024
10-Jul-09,3.029
13-Jul-09,3.025
14-Jul-09,3.022
15-Jul-09,3.015
16-Jul-09,3.011
17-Jul-09,3.009
20-Jul-09,3.011
21-Jul-09,3.015
22-Jul-09,3.007
23-Jul-09,3.003
24-Jul-09,2.997
27-Jul-09,n.d.
28-Jul-09,n.d.
29-Jul-09,n.d.
30-Jul-09,2.985
31-Jul-09,2.985
03Ago09,2.972
04Ago09,2.964
05Ago09,2.954
06Ago09,2.948
07Ago09,2.936
10Ago09,2.932
11Ago09,2.943
12Ago09,2.93
13Ago09,2.928
14Ago09,2.943
17Ago09,2.96
18Ago09,2.95
19Ago09,2.962
20Ago09,2.96
21Ago09,2.95
24Ago09,2.962
25Ago09,2.961
26Ago09,2.955
27Ago09,2.954
28Ago09,2.938
31Ago09,2.945
01Set09,2.951
02Set09,2.948
03Set09,2.944
04Set09,2.935
07Set09,2.931
08Set09,2.919
09Set09,2.921
10Set09,2.926
11Set09,2.924
14Set09,2.921
15Set09,2.918
16Set09,2.9
17Set09,2.897
18Set09,2.894
21Set09,2.901
22Set09,2.888
23Set09,2.871
24Set09,2.877
25Set09,2.88
28Set09,2.881
29Set09,2.888
30Set09,2.883
1-Oct-09,2.889
2-Oct-09,2.883
5-Oct-09,2.87
6-Oct-09,2.862
7-Oct-09,2.866
8-Oct-09,n.d.
9-Oct-09,n.d.
12-Oct-09,2.856
13-Oct-09,2.855
14-Oct-09,2.855
15-Oct-09,2.855
16-Oct-09,2.854
19-Oct-09,2.851
20-Oct-09,2.862
21-Oct-09,2.857
22-Oct-09,2.861
23-Oct-09,2.867
26-Oct-09,2.877
27-Oct-09,2.898
28-Oct-09,2.905
29-Oct-09,2.894
30-Oct-09,2.902
2-Nov-09,2.901
3-Nov-09,2.909
4-Nov-09,2.899
5-Nov-09,2.896
6-Nov-09,2.898
9-Nov-09,2.888
10-Nov-09,2.886
11-Nov-09,2.876
12-Nov-09,2.878
13-Nov-09,2.876
16-Nov-09,2.869
17-Nov-09,2.868
18-Nov-09,2.862
19-Nov-09,2.873
20-Nov-09,2.879
23-Nov-09,2.872
24-Nov-09,2.881
25-Nov-09,2.879
26-Nov-09,2.892
27-Nov-09,2.89
30-Nov-09,2.879
01Dic09,2.874
02Dic09,2.878
03Dic09,2.875
04Dic09,2.871
07Dic09,2.868
08Dic09,n.d.
09Dic09,2.873
10Dic09,2.87
11Dic09,2.873
14Dic09,2.871
15Dic09,2.873
16Dic09,2.868
17Dic09,2.877
18Dic09,2.884
21Dic09,2.882
22Dic09,2.88
23Dic09,2.882
24Dic09,n.d.
25Dic09,n.d.
28Dic09,2.883
29Dic09,2.885
30Dic09,2.888
31Dic09,n.d.
01Ene10,n.d.
04Ene10,2.88
05Ene10,2.871
06Ene10,2.868
07Ene10,2.866
08Ene10,2.853
11Ene10,2.848
12Ene10,2.848
13Ene10,2.846
14Ene10,2.847
15Ene10,2.849
18Ene10,2.849
19Ene10,2.853
20Ene10,2.854
21Ene10,2.85
22Ene10,2.852
25Ene10,2.85
26Ene10,2.854
27Ene10,2.861
28Ene10,2.858
29Ene10,2.855
1-Feb-10,2.852
2-Feb-10,2.848
3-Feb-10,2.852
4-Feb-10,2.859
5-Feb-10,2.864
8-Feb-10,2.871
9-Feb-10,2.863
10-Feb-10,2.858
11-Feb-10,2.852
12-Feb-10,2.855
15-Feb-10,2.853
16-Feb-10,2.848
17-Feb-10,2.847
18-Feb-10,2.85
19-Feb-10,2.85
22-Feb-10,2.848
23-Feb-10,2.85
24-Feb-10,2.848
25-Feb-10,2.849
26-Feb-10,2.846
1-Mar-10,2.843
2-Mar-10,2.843
3-Mar-10,2.842
4-Mar-10,2.842
5-Mar-10,2.84
8-Mar-10,2.839
9-Mar-10,2.84
10-Mar-10,2.838
11-Mar-10,2.837
12-Mar-10,2.836
15-Mar-10,2.837
16-Mar-10,2.836
17-Mar-10,2.836
18-Mar-10,2.837
19-Mar-10,2.837
22-Mar-10,2.837
23-Mar-10,2.835
24-Mar-10,2.835
25-Mar-10,2.836
26-Mar-10,2.838
29-Mar-10,2.838
30-Mar-10,2.838
31-Mar-10,2.84
01Abr10,n.d.
02Abr10,n.d.
05Abr10,2.838
06Abr10,2.837
07Abr10,2.836
08Abr10,2.836
09Abr10,2.834
12Abr10,2.834
13Abr10,2.835
14Abr10,2.834
15Abr10,2.834
16Abr10,2.835
19Abr10,2.836
20Abr10,2.837
21Abr10,2.84
22Abr10,2.845
23Abr10,2.842
26Abr10,2.845
27Abr10,2.846
28Abr10,2.846
29Abr10,2.844
30Abr10,2.847
3-May-10,2.844
4-May-10,2.847
5-May-10,2.849
6-May-10,2.851
7-May-10,2.853
10-May-10,2.844
11-May-10,2.845
12-May-10,2.838
13-May-10,2.837
14-May-10,2.84
17-May-10,2.841
18-May-10,2.84
19-May-10,2.844
20-May-10,2.85
21-May-10,2.843
24-May-10,2.846
25-May-10,2.849
26-May-10,2.845
27-May-10,2.847
28-May-10,2.846
31-May-10,2.843
1-Jun-10,2.844
2-Jun-10,2.843
3-Jun-10,2.845
4-Jun-10,2.848
7-Jun-10,2.849
8-Jun-10,2.847
9-Jun-10,2.844
10-Jun-10,2.845
11-Jun-10,2.844
14-Jun-10,2.842
15-Jun-10,2.839
16-Jun-10,2.836
17-Jun-10,2.835
18-Jun-10,2.83
21-Jun-10,2.826
22-Jun-10,2.826
23-Jun-10,2.828
24-Jun-10,2.827
25-Jun-10,2.826
28-Jun-10,n.d.
29-Jun-10,n.d.
30-Jun-10,2.825
1-Jul-10,2.825
2-Jul-10,2.825
5-Jul-10,2.823
6-Jul-10,2.823
7-Jul-10,2.823
8-Jul-10,2.823
9-Jul-10,2.823
12-Jul-10,2.823
13-Jul-10,2.82
14-Jul-10,2.814
15-Jul-10,2.819
16-Jul-10,2.822
19-Jul-10,2.822
20-Jul-10,2.823
21-Jul-10,2.826
22-Jul-10,2.822
23-Jul-10,2.822
26-Jul-10,2.822
27-Jul-10,2.822
28-Jul-10,n.d.
29-Jul-10,n.d.
30-Jul-10,n.d.
02Ago10,2.817
03Ago10,2.811
04Ago10,2.802
05Ago10,2.801
06Ago10,2.801
09Ago10,2.8
10Ago10,2.804
11Ago10,2.806
12Ago10,2.804
13Ago10,2.805
16Ago10,2.802
17Ago10,2.799
18Ago10,2.797
19Ago10,2.8
20Ago10,2.799
23Ago10,2.799
24Ago10,2.798
25Ago10,2.798
26Ago10,2.795
27Ago10,2.798
30Ago10,n.d.
31Ago10,2.796
01Set10,2.794
02Set10,2.796
03Set10,2.794
06Set10,2.792
07Set10,2.794
08Set10,2.794
09Set10,2.792
10Set10,2.789
13Set10,2.787
14Set10,2.788
15Set10,2.788
16Set10,2.788
17Set10,2.789
20Set10,2.791
21Set10,2.792
22Set10,2.79
23Set10,2.789
24Set10,2.787
27Set10,2.788
28Set10,2.788
29Set10,2.787
30Set10,2.787
1-Oct-10,2.788
4-Oct-10,2.789
5-Oct-10,2.787
6-Oct-10,2.789
7-Oct-10,2.788
8-Oct-10,n.d.
11-Oct-10,2.786
12-Oct-10,2.786
13-Oct-10,2.786
14-Oct-10,2.788
15-Oct-10,2.792
18-Oct-10,2.791
19-Oct-10,2.793
20-Oct-10,2.792
21-Oct-10,2.792
22-Oct-10,2.795
25-Oct-10,2.792
26-Oct-10,2.793
27-Oct-10,2.797
28-Oct-10,2.798
29-Oct-10,2.796
1-Nov-10,n.d.
2-Nov-10,2.794
3-Nov-10,2.793
4-Nov-10,2.792
5-Nov-10,2.792
8-Nov-10,2.795
9-Nov-10,2.797
10-Nov-10,2.8
11-Nov-10,2.799
12-Nov-10,2.801
15-Nov-10,2.805
16-Nov-10,2.808
17-Nov-10,2.81
18-Nov-10,2.805
19-Nov-10,2.805
22-Nov-10,2.809
23-Nov-10,2.812
24-Nov-10,2.809
25-Nov-10,2.809
26-Nov-10,2.815
29-Nov-10,2.825
30-Nov-10,2.831
01Dic10,2.827
02Dic10,2.827
03Dic10,2.825
06Dic10,2.822
07Dic10,2.817
08Dic10,n.d.
09Dic10,2.823
10Dic10,2.826
13Dic10,2.825
14Dic10,2.82
15Dic10,2.817
16Dic10,2.819
17Dic10,2.817
20Dic10,2.81
21Dic10,2.805
22Dic10,2.804
23Dic10,2.799
24Dic10,n.d.
27Dic10,2.799
28Dic10,2.802
29Dic10,2.808
30Dic10,2.808
31Dic10,n.d.
03Ene11,2.802
04Ene11,2.8
05Ene11,2.801
06Ene11,2.804
07Ene11,2.804
10Ene11,2.804
11Ene11,2.8
12Ene11,2.792
13Ene11,2.787
14Ene11,2.787
17Ene11,2.785
18Ene11,2.784
19Ene11,2.779
20Ene11,2.775
21Ene11,2.773
24Ene11,2.772
25Ene11,2.775
26Ene11,2.772
27Ene11,2.771
28Ene11,2.774
31Ene11,2.771
1-Feb-11,2.766
2-Feb-11,2.766
3-Feb-11,2.768
4-Feb-11,2.767
7-Feb-11,2.766
8-Feb-11,2.767
9-Feb-11,2.767
10-Feb-11,2.767
11-Feb-11,2.765
14-Feb-11,2.765
15-Feb-11,2.769
16-Feb-11,2.77
17-Feb-11,2.766
18-Feb-11,2.766
21-Feb-11,2.769
22-Feb-11,2.775
23-Feb-11,2.789
24-Feb-11,2.781
25-Feb-11,2.775
28-Feb-11,2.774
1-Mar-11,2.777
2-Mar-11,2.774
3-Mar-11,2.77
4-Mar-11,2.769
7-Mar-11,2.768
8-Mar-11,2.77
9-Mar-11,2.769
10-Mar-11,2.77
11-Mar-11,2.769
14-Mar-11,2.769
15-Mar-11,2.769
16-Mar-11,2.769
17-Mar-11,2.768
18-Mar-11,2.767
21-Mar-11,2.78
22-Mar-11,2.782
23-Mar-11,2.778
24-Mar-11,2.777
25-Mar-11,2.787
28-Mar-11,2.809
29-Mar-11,2.813
30-Mar-11,2.809
31-Mar-11,2.802
01Abr11,2.805
04Abr11,2.81
05Abr11,2.808
06Abr11,2.809
07Abr11,2.804
08Abr11,2.799
11Abr11,2.799
12Abr11,2.807
13Abr11,2.814
14Abr11,2.822
15Abr11,2.822
18Abr11,2.822
19Abr11,2.822
20Abr11,2.82
21Abr11,n.d.
22Abr11,n.d.
25Abr11,2.821
26Abr11,2.825
27Abr11,2.832
28Abr11,2.824
29Abr11,2.82
2-May-11,n.d.
3-May-11,2.828
4-May-11,2.821
5-May-11,2.818
6-May-11,2.802
9-May-11,2.792
10-May-11,2.791
11-May-11,2.793
12-May-11,2.782
13-May-11,2.768
16-May-11,2.76
17-May-11,2.76
18-May-11,2.753
19-May-11,2.753
20-May-11,2.754
23-May-11,2.757
24-May-11,2.752
25-May-11,2.748
26-May-11,2.747
27-May-11,2.749
30-May-11,2.766
31-May-11,2.767
1-Jun-11,2.776
2-Jun-11,2.766
3-Jun-11,2.763
6-Jun-11,2.782
7-Jun-11,2.787
8-Jun-11,2.781
9-Jun-11,2.763
10-Jun-11,2.762
13-Jun-11,2.759
14-Jun-11,2.762
15-Jun-11,2.761
16-Jun-11,2.761
17-Jun-11,2.76
20-Jun-11,2.759
21-Jun-11,2.755
22-Jun-11,2.756
23-Jun-11,2.759
24-Jun-11,2.759
27-Jun-11,2.758
28-Jun-11,2.755
29-Jun-11,n.d.
30-Jun-11,2.748
1-Jul-11,2.746
4-Jul-11,2.748
5-Jul-11,2.749
6-Jul-11,2.749
7-Jul-11,2.743
8-Jul-11,2.744
11-Jul-11,2.744
12-Jul-11,2.742
13-Jul-11,2.737
14-Jul-11,2.741
15-Jul-11,2.741
18-Jul-11,2.737
19-Jul-11,2.736
20-Jul-11,2.737
21-Jul-11,2.735
22-Jul-11,2.736
25-Jul-11,2.736
26-Jul-11,2.736
27-Jul-11,2.737
28-Jul-11,n.d.
29-Jul-11,n.d.
01Ago11,2.742
02Ago11,2.743
03Ago11,2.742
04Ago11,2.741
05Ago11,2.741
08Ago11,2.752
09Ago11,2.748
10Ago11,2.751
11Ago11,2.744
12Ago11,2.74
15Ago11,2.741
16Ago11,2.74
17Ago11,2.737
18Ago11,2.738
19Ago11,2.734
22Ago11,2.731
23Ago11,2.732
24Ago11,2.731
25Ago11,2.731
26Ago11,2.73
29Ago11,n.d.
30Ago11,n.d.
31Ago11,2.725
01Set11,2.726
02Set11,2.729
05Set11,2.73
06Set11,2.729
07Set11,2.725
08Set11,2.724
09Set11,2.726
12Set11,2.727
13Set11,2.734
14Set11,2.731
15Set11,2.73
16Set11,2.731
19Set11,2.737
20Set11,2.74
21Set11,2.748
22Set11,2.778
23Set11,2.769
26Set11,2.769
27Set11,2.766
28Set11,2.765
29Set11,2.768
30Set11,2.772
3-Oct-11,2.773
4-Oct-11,2.775
5-Oct-11,2.77
6-Oct-11,2.753
7-Oct-11,2.744
10-Oct-11,2.73
11-Oct-11,2.73
12-Oct-11,2.725
13-Oct-11,2.727
14-Oct-11,2.72
17-Oct-11,2.721
18-Oct-11,2.722
19-Oct-11,2.721
20-Oct-11,2.725
21-Oct-11,2.72
24-Oct-11,2.719
25-Oct-11,2.716
26-Oct-11,2.718
27-Oct-11,2.71
28-Oct-11,2.706
31-Oct-11,n.d.
1-Nov-11,n.d.
2-Nov-11,2.71
3-Nov-11,2.707
4-Nov-11,2.706
7-Nov-11,2.703
8-Nov-11,2.702
9-Nov-11,2.706
10-Nov-11,2.707
11-Nov-11,2.702
14-Nov-11,2.704
15-Nov-11,2.706
16-Nov-11,2.701
17-Nov-11,2.7
18-Nov-11,2.699
21-Nov-11,2.701
22-Nov-11,2.701
23-Nov-11,2.705
24-Nov-11,2.706
25-Nov-11,2.712
28-Nov-11,2.708
29-Nov-11,2.705
30-Nov-11,2.699
01Dic11,2.697
02Dic11,2.697
05Dic11,2.697
06Dic11,2.697
07Dic11,2.696
08Dic11,n.d.
09Dic11,2.695
12Dic11,2.7
13Dic11,2.696
14Dic11,2.696
15Dic11,2.695
16Dic11,2.695
19Dic11,2.696
20Dic11,2.694
21Dic11,2.694
22Dic11,2.693
23Dic11,n.d.
26Dic11,2.693
27Dic11,2.694
28Dic11,2.695
29Dic11,2.695
30Dic11,n.d.
02Ene12,2.696
03Ene12,2.695
04Ene12,2.696
05Ene12,2.694
06Ene12,2.693
09Ene12,2.692
10Ene12,2.691
11Ene12,2.693
12Ene12,2.691
13Ene12,2.693
16Ene12,2.693
17Ene12,2.692
18Ene12,2.692
19Ene12,2.692
20Ene12,2.691
23Ene12,2.69
24Ene12,2.691
25Ene12,2.692
26Ene12,2.69
27Ene12,2.69
30Ene12,2.689
31Ene12,2.688
1-Feb-12,2.688
2-Feb-12,2.69
3-Feb-12,2.688
6-Feb-12,2.687
7-Feb-12,2.687
8-Feb-12,2.687
9-Feb-12,2.686
10-Feb-12,2.684
13-Feb-12,2.684
14-Feb-12,2.684
15-Feb-12,2.684
16-Feb-12,2.682
17-Feb-12,2.681
20-Feb-12,2.68
21-Feb-12,2.679
22-Feb-12,2.68
23-Feb-12,2.679
24-Feb-12,2.678
27-Feb-12,2.678
28-Feb-12,2.677
29-Feb-12,2.676
1-Mar-12,2.676
2-Mar-12,2.675
5-Mar-12,2.674
6-Mar-12,2.675
7-Mar-12,2.674
8-Mar-12,2.671
9-Mar-12,2.668
12-Mar-12,2.668
13-Mar-12,2.669
14-Mar-12,2.669
15-Mar-12,2.671
16-Mar-12,2.669
19-Mar-12,2.669
20-Mar-12,2.67
21-Mar-12,2.67
22-Mar-12,2.669
23-Mar-12,2.669
26-Mar-12,2.67
27-Mar-12,2.67
28-Mar-12,2.669
29-Mar-12,2.668
30-Mar-12,2.666
02Abr12,2.666
03Abr12,2.667
04Abr12,2.666
05Abr12,n.d.
06Abr12,n.d.
09Abr12,2.666
10Abr12,2.666
11Abr12,2.664
12Abr12,2.659
13Abr12,2.657
16Abr12,2.656
17Abr12,2.655
18Abr12,2.654
19Abr12,2.654
20Abr12,2.651
23Abr12,2.651
24Abr12,2.65
25Abr12,2.649
26Abr12,2.645
27Abr12,2.639
30Abr12,n.d.
1-May-12,n.d.
2-May-12,2.635
3-May-12,2.639
4-May-12,2.643
7-May-12,2.638
8-May-12,2.642
9-May-12,2.646
10-May-12,2.647
11-May-12,2.654
14-May-12,2.664
15-May-12,2.668
16-May-12,2.665
17-May-12,2.671
18-May-12,2.668
21-May-12,2.668
22-May-12,2.671
23-May-12,2.689
24-May-12,2.693
25-May-12,2.699
28-May-12,2.698
29-May-12,2.7
30-May-12,2.703
31-May-12,2.708
1-Jun-12,2.707
4-Jun-12,2.703
5-Jun-12,2.701
6-Jun-12,2.682
7-Jun-12,2.674
8-Jun-12,2.683
11-Jun-12,2.681
12-Jun-12,2.684
13-Jun-12,2.677
14-Jun-12,2.671
15-Jun-12,2.664
18-Jun-12,2.64
19-Jun-12,2.64
20-Jun-12,2.64
21-Jun-12,2.651
22-Jun-12,2.652
25-Jun-12,2.658
26-Jun-12,2.662
27-Jun-12,2.66
28-Jun-12,2.67
29-Jun-12,n.d.
2-Jul-12,2.652
3-Jul-12,2.646
4-Jul-12,2.645
5-Jul-12,2.649
6-Jul-12,2.65
9-Jul-12,2.639
10-Jul-12,2.633
11-Jul-12,2.631
12-Jul-12,2.632
13-Jul-12,2.624
16-Jul-12,2.622
17-Jul-12,2.619
18-Jul-12,2.619
19-Jul-12,2.619
20-Jul-12,2.631
23-Jul-12,2.649
24-Jul-12,2.64
25-Jul-12,2.638
26-Jul-12,2.631
27-Jul-12,n.d.
30-Jul-12,2.624
31-Jul-12,2.628
01Ago12,2.624
02Ago12,2.628
03Ago12,2.621
06Ago12,2.618
07Ago12,2.62
08Ago12,2.617
09Ago12,2.616
10Ago12,2.617
13Ago12,2.616
14Ago12,2.615
15Ago12,2.614
16Ago12,2.613
17Ago12,2.612
20Ago12,2.612
21Ago12,2.611
22Ago12,2.613
23Ago12,2.614
24Ago12,2.613
27Ago12,2.611
28Ago12,2.61
29Ago12,2.609
30Ago12,n.d.
31Ago12,n.d.
03Set12,2.607
04Set12,2.608
05Set12,2.611
06Set12,2.61
07Set12,2.609
10Set12,2.608
11Set12,2.607
12Set12,2.605
13Set12,2.603
14Set12,2.596
17Set12,2.6
18Set12,2.601
19Set12,2.601
20Set12,2.602
21Set12,2.599
24Set12,2.598
25Set12,2.595
26Set12,2.596
27Set12,2.593
28Set12,2.597
1-Oct-12,n.d.
2-Oct-12,n.d.
3-Oct-12,2.597
4-Oct-12,2.596
5-Oct-12,2.593
8-Oct-12,n.d.
9-Oct-12,2.586
10-Oct-12,2.585
11-Oct-12,2.585
12-Oct-12,2.586
15-Oct-12,2.584
16-Oct-12,2.582
17-Oct-12,2.581
18-Oct-12,2.578
19-Oct-12,2.579
22-Oct-12,2.577
23-Oct-12,2.58
24-Oct-12,2.581
25-Oct-12,2.585
26-Oct-12,2.598
29-Oct-12,2.601
30-Oct-12,2.597
31-Oct-12,2.591
1-Nov-12,n.d.
2-Nov-12,n.d.
5-Nov-12,2.604
6-Nov-12,2.607
7-Nov-12,2.603
8-Nov-12,2.605
9-Nov-12,2.611
12-Nov-12,2.612
13-Nov-12,2.615
14-Nov-12,2.605
15-Nov-12,2.602
16-Nov-12,2.606
19-Nov-12,2.598
20-Nov-12,2.597
21-Nov-12,2.597
22-Nov-12,2.589
23-Nov-12,2.588
26-Nov-12,2.588
27-Nov-12,2.587
28-Nov-12,2.588
29-Nov-12,2.582
30-Nov-12,2.578
03Dic12,2.577
04Dic12,2.579
05Dic12,2.58
06Dic12,2.578
07Dic12,2.574
10Dic12,2.574
11Dic12,2.572
12Dic12,2.569
13Dic12,2.564
14Dic12,2.563
17Dic12,2.561
18Dic12,2.562
19Dic12,2.562
20Dic12,2.561
21Dic12,2.563
24Dic12,n.d.
25Dic12,n.d.
26Dic12,2.555
27Dic12,2.549
28Dic12,2.549
31Dic12,n.d.
01Ene13,n.d.
02Ene13,2.548
03Ene13,2.55
04Ene13,2.546
07Ene13,2.546
08Ene13,2.546
09Ene13,2.548
10Ene13,2.551
11Ene13,2.548
14Ene13,2.539
15Ene13,2.541
16Ene13,2.544
17Ene13,2.547
18Ene13,2.553
21Ene13,2.551
22Ene13,2.554
23Ene13,2.552
24Ene13,2.554
25Ene13,2.556
28Ene13,2.559
29Ene13,2.561
30Ene13,2.559
31Ene13,2.578
1-Feb-13,2.57
4-Feb-13,2.577
5-Feb-13,2.576
6-Feb-13,2.576
7-Feb-13,2.578
8-Feb-13,2.578
11-Feb-13,n.d.
12-Feb-13,2.578
13-Feb-13,2.57
14-Feb-13,2.567
15-Feb-13,2.569
18-Feb-13,2.573
19-Feb-13,2.582
20-Feb-13,2.583
21-Feb-13,2.585
22-Feb-13,2.582
25-Feb-13,2.582
26-Feb-13,2.583
27-Feb-13,2.58
28-Feb-13,2.585
1-Mar-13,2.592
4-Mar-13,2.596
5-Mar-13,2.593
6-Mar-13,2.596
7-Mar-13,2.603
8-Mar-13,2.602
11-Mar-13,2.597
12-Mar-13,2.59
13-Mar-13,2.593
14-Mar-13,2.592
15-Mar-13,2.592
18-Mar-13,2.597
19-Mar-13,2.595
20-Mar-13,2.593
21-Mar-13,2.593
22-Mar-13,2.59
25-Mar-13,2.587
26-Mar-13,2.584
27-Mar-13,2.589
28-Mar-13,n.d.
29-Mar-13,n.d.
01Abr13,2.589
02Abr13,2.587
03Abr13,2.585
04Abr13,2.585
05Abr13,2.583
08Abr13,2.578
09Abr13,2.576
10Abr13,2.576
11Abr13,2.58
12Abr13,2.584
15Abr13,2.589
16Abr13,2.589
17Abr13,2.59
18Abr13,2.591
19Abr13,2.592
22Abr13,2.595
23Abr13,2.604
24Abr13,2.624
25Abr13,2.623
26Abr13,2.626
29Abr13,2.642
30Abr13,2.645
1-May-13,n.d.
2-May-13,2.646
3-May-13,2.628
6-May-13,2.62
7-May-13,2.612
8-May-13,2.615
9-May-13,2.609
10-May-13,2.603
13-May-13,2.601
14-May-13,2.599
15-May-13,2.614
16-May-13,2.629
17-May-13,2.643
20-May-13,2.624
21-May-13,2.644
22-May-13,2.647
23-May-13,2.663
24-May-13,2.673
27-May-13,2.675
28-May-13,2.675
29-May-13,2.686
30-May-13,2.712
31-May-13,2.73
3-Jun-13,2.722
4-Jun-13,2.708
5-Jun-13,2.713
6-Jun-13,2.73
7-Jun-13,2.724
10-Jun-13,2.747
11-Jun-13,2.753
12-Jun-13,2.747
13-Jun-13,2.723
14-Jun-13,2.72
17-Jun-13,2.733
18-Jun-13,2.744
19-Jun-13,2.74
20-Jun-13,2.771
21-Jun-13,2.783
24-Jun-13,2.784
25-Jun-13,2.782
26-Jun-13,2.781
27-Jun-13,2.78
28-Jun-13,n.d.
1-Jul-13,2.778
2-Jul-13,2.785
3-Jul-13,2.784
4-Jul-13,2.78
5-Jul-13,2.789
8-Jul-13,2.78
9-Jul-13,2.769
10-Jul-13,2.78
11-Jul-13,2.774
12-Jul-13,2.767
15-Jul-13,2.764
16-Jul-13,2.759
17-Jul-13,2.755
18-Jul-13,2.766
19-Jul-13,2.767
22-Jul-13,2.768
23-Jul-13,2.777
24-Jul-13,2.782
25-Jul-13,2.784
26-Jul-13,2.783
29-Jul-13,n.d.
30-Jul-13,n.d.
31-Jul-13,2.79
01Ago13,2.795
02Ago13,2.788
05Ago13,2.79
06Ago13,2.794
07Ago13,2.799
08Ago13,2.792
09Ago13,2.791
12Ago13,2.794
13Ago13,2.796
14Ago13,2.796
15Ago13,2.797
16Ago13,2.797
19Ago13,2.798
20Ago13,2.817
21Ago13,2.819
22Ago13,2.81
23Ago13,2.81
26Ago13,2.811
27Ago13,2.812
28Ago13,2.809
29Ago13,2.806
30Ago13,n.d.
02Set13,2.805
03Set13,2.807
04Set13,2.807
05Set13,2.808
06Set13,2.804
09Set13,2.796
10Set13,2.794
11Set13,2.788
12Set13,2.772
13Set13,2.772
16Set13,2.762
17Set13,2.769
18Set13,2.769
19Set13,2.747
20Set13,2.74
23Set13,2.745
24Set13,2.756
25Set13,2.764
26Set13,2.764
27Set13,2.775
30Set13,2.781
1-Oct-13,2.781
2-Oct-13,2.779
3-Oct-13,2.777
4-Oct-13,2.777
7-Oct-13,n.d.
8-Oct-13,n.d.
9-Oct-13,2.785
10-Oct-13,2.782
11-Oct-13,2.772
14-Oct-13,2.77
15-Oct-13,2.768
16-Oct-13,2.762
17-Oct-13,2.755
18-Oct-13,2.762
21-Oct-13,2.774
22-Oct-13,2.765
23-Oct-13,2.763
24-Oct-13,2.761
25-Oct-13,2.757
28-Oct-13,2.76
29-Oct-13,2.756
30-Oct-13,2.756
31-Oct-13,2.768
1-Nov-13,n.d.
4-Nov-13,2.775
5-Nov-13,2.785
6-Nov-13,2.789
7-Nov-13,2.793
8-Nov-13,2.802
11-Nov-13,2.799
12-Nov-13,2.797
13-Nov-13,2.798
14-Nov-13,2.797
15-Nov-13,2.798
18-Nov-13,2.799
19-Nov-13,2.801
20-Nov-13,2.801
21-Nov-13,2.802
22-Nov-13,2.802
25-Nov-13,2.801
26-Nov-13,2.803
27-Nov-13,2.801
28-Nov-13,2.799
29-Nov-13,2.8
02Dic13,2.801
03Dic13,2.804
04Dic13,2.803
05Dic13,2.801
06Dic13,2.798
09Dic13,2.792
10Dic13,2.791
11Dic13,2.792
12Dic13,2.784
13Dic13,2.767
16Dic13,2.763
17Dic13,2.762
18Dic13,2.779
19Dic13,2.782
20Dic13,2.769
23Dic13,2.764
24Dic13,2.772
25Dic13,n.d.
26Dic13,2.785
27Dic13,2.785
30Dic13,2.794
31Dic13,n.d.
01Ene14,n.d.
02Ene14,2.801
03Ene14,2.805
06Ene14,2.805
07Ene14,2.802
08Ene14,2.803
09Ene14,2.801
10Ene14,2.797
13Ene14,2.797
14Ene14,2.799
15Ene14,2.803
16Ene14,2.808
17Ene14,2.806
20Ene14,2.807
21Ene14,2.808
22Ene14,2.806
23Ene14,2.808
24Ene14,2.818
27Ene14,2.821
28Ene14,2.822
29Ene14,2.823
30Ene14,2.818
31Ene14,2.82
3-Feb-14,2.823
4-Feb-14,2.823
5-Feb-14,2.824
6-Feb-14,2.821
7-Feb-14,2.82
10-Feb-14,2.818
11-Feb-14,2.816
12-Feb-14,2.815
13-Feb-14,2.816
14-Feb-14,2.812
17-Feb-14,2.802
18-Feb-14,2.806
19-Feb-14,2.807
20-Feb-14,2.808
21-Feb-14,2.806
24-Feb-14,2.805
25-Feb-14,2.806
26-Feb-14,2.808
27-Feb-14,2.802
28-Feb-14,2.799
3-Mar-14,2.802
4-Mar-14,2.8
5-Mar-14,2.798
6-Mar-14,2.798
7-Mar-14,2.802
10-Mar-14,2.803
11-Mar-14,2.8
12-Mar-14,2.805
13-Mar-14,2.806
14-Mar-14,2.802
17-Mar-14,2.806
18-Mar-14,2.808
19-Mar-14,2.813
20-Mar-14,2.811
21-Mar-14,2.809
24-Mar-14,2.808
25-Mar-14,2.811
26-Mar-14,2.811
27-Mar-14,2.81
28-Mar-14,2.809
31-Mar-14,2.807
01Abr14,2.805
02Abr14,2.807
03Abr14,2.811
04Abr14,2.807
07Abr14,2.802
08Abr14,2.789
09Abr14,2.794
10Abr14,2.787
11Abr14,2.784
14Abr14,2.774
15Abr14,2.774
16Abr14,2.78
17Abr14,n.d.
18Abr14,n.d.
21Abr14,2.775
22Abr14,2.781
23Abr14,2.791
24Abr14,2.79
25Abr14,2.801
28Abr14,2.805
29Abr14,2.806
30Abr14,2.807
1-May-14,n.d.
2-May-14,2.803
5-May-14,2.805
6-May-14,2.802
7-May-14,2.799
8-May-14,2.788
9-May-14,2.786
12-May-14,2.784
13-May-14,2.784
14-May-14,2.784
15-May-14,2.786
16-May-14,2.784
19-May-14,2.787
20-May-14,2.79
21-May-14,2.787
22-May-14,2.787
23-May-14,2.786
26-May-14,2.785
27-May-14,2.784
28-May-14,2.775
29-May-14,2.76
30-May-14,2.764
2-Jun-14,2.77
3-Jun-14,2.777
4-Jun-14,2.784
5-Jun-14,2.784
6-Jun-14,2.782
9-Jun-14,2.786
10-Jun-14,2.788
11-Jun-14,2.796
12-Jun-14,2.795
13-Jun-14,2.791
16-Jun-14,2.793
17-Jun-14,2.801
18-Jun-14,2.801
19-Jun-14,2.799
20-Jun-14,2.806
23-Jun-14,2.803
24-Jun-14,2.803
25-Jun-14,2.803
26-Jun-14,2.804
27-Jun-14,2.799
30-Jun-14,2.795
1-Jul-14,2.795
2-Jul-14,2.795
3-Jul-14,2.784
4-Jul-14,2.776
7-Jul-14,2.772
8-Jul-14,2.781
9-Jul-14,2.782
10-Jul-14,2.779
11-Jul-14,2.783
14-Jul-14,2.783
15-Jul-14,2.782
16-Jul-14,2.783
17-Jul-14,2.79
18-Jul-14,2.788
21-Jul-14,2.792
22-Jul-14,2.787
23-Jul-14,2.786
24-Jul-14,2.783
25-Jul-14,2.784
28-Jul-14,n.d.
29-Jul-14,n.d.
30-Jul-14,2.788
31-Jul-14,2.795
01Ago14,2.795
04Ago14,2.801
05Ago14,2.812
06Ago14,2.81
07Ago14,2.808
08Ago14,2.801
11Ago14,2.789
12Ago14,2.789
13Ago14,2.793
14Ago14,2.793
15Ago14,2.796
18Ago14,2.815
19Ago14,2.818
20Ago14,2.826
21Ago14,2.824
22Ago14,2.826
25Ago14,2.832
26Ago14,2.832
27Ago14,2.838
28Ago14,2.844
29Ago14,2.842
01Set14,2.847
02Set14,2.851
03Set14,2.849
04Set14,2.853
05Set14,2.847
08Set14,2.849
09Set14,2.856
10Set14,2.854
11Set14,2.855
12Set14,2.858
15Set14,2.859
16Set14,2.858
17Set14,2.859
18Set14,2.861
19Set14,2.862
22Set14,2.869
23Set14,2.873
24Set14,2.876
25Set14,2.877
26Set14,2.892
29Set14,2.892
30Set14,2.888
1-Oct-14,2.89
2-Oct-14,2.896
3-Oct-14,2.903
6-Oct-14,2.901
7-Oct-14,2.902
8-Oct-14,n.d.
9-Oct-14,2.903
10-Oct-14,2.904
13-Oct-14,2.901
14-Oct-14,2.903
15-Oct-14,2.905
16-Oct-14,2.906
17-Oct-14,2.901
20-Oct-14,2.901
21-Oct-14,2.9
22-Oct-14,2.905
23-Oct-14,2.905
24-Oct-14,2.907
27-Oct-14,2.912
28-Oct-14,2.914
29-Oct-14,2.913
30-Oct-14,2.915
31-Oct-14,2.92
3-Nov-14,2.923
4-Nov-14,2.926
5-Nov-14,2.928
6-Nov-14,2.93
7-Nov-14,2.927
10-Nov-14,2.928
11-Nov-14,2.929
12-Nov-14,2.933
13-Nov-14,2.933
14-Nov-14,2.932
17-Nov-14,2.928
18-Nov-14,2.927
19-Nov-14,2.924
20-Nov-14,2.923
21-Nov-14,2.916
24-Nov-14,2.916
25-Nov-14,2.915
26-Nov-14,2.912
27-Nov-14,2.909
28-Nov-14,2.918
01Dic14,2.925
02Dic14,2.935
03Dic14,2.94
04Dic14,2.945
05Dic14,2.949
08Dic14,n.d.
09Dic14,2.96
10Dic14,2.959
11Dic14,2.967
12Dic14,2.959
15Dic14,2.959
16Dic14,2.967
17Dic14,2.958
18Dic14,2.94
19Dic14,2.947
22Dic14,2.97
23Dic14,2.973
24Dic14,2.977
25Dic14,n.d.
26Dic14,2.973
29Dic14,2.987
30Dic14,2.986
31Dic14,2.981
01Ene15,n.d.
02Ene15,n.d.
05Ene15,2.989
06Ene15,2.981
07Ene15,2.984
08Ene15,2.986
09Ene15,2.982
12Ene15,2.987
13Ene15,2.983
14Ene15,2.991
15Ene15,2.994
16Ene15,3.007
19Ene15,3.007
20Ene15,3.007
21Ene15,3.009
22Ene15,3.002
23Ene15,3.009
26Ene15,3.017
27Ene15,3.022
28Ene15,3.027
29Ene15,3.042
30Ene15,3.056
2-Feb-15,3.057
3-Feb-15,3.057
4-Feb-15,3.059
5-Feb-15,3.061
6-Feb-15,3.065
9-Feb-15,3.064
10-Feb-15,3.07
11-Feb-15,3.092
12-Feb-15,3.079
13-Feb-15,3.067
16-Feb-15,3.08
17-Feb-15,3.081
18-Feb-15,3.083
19-Feb-15,3.084
20-Feb-15,3.084
23-Feb-15,3.087
24-Feb-15,3.092
25-Feb-15,3.094
26-Feb-15,3.091
27-Feb-15,3.091
2-Mar-15,3.093
3-Mar-15,3.091
4-Mar-15,3.092
5-Mar-15,3.097
6-Mar-15,3.1
9-Mar-15,3.096
10-Mar-15,3.098
11-Mar-15,3.098
12-Mar-15,3.096
13-Mar-15,3.096
16-Mar-15,3.095
17-Mar-15,3.094
18-Mar-15,3.098
19-Mar-15,3.095
20-Mar-15,3.087
23-Mar-15,3.077
24-Mar-15,3.071
25-Mar-15,3.064
26-Mar-15,3.075
27-Mar-15,3.087
30-Mar-15,3.092
31-Mar-15,3.094
01Abr15,3.093
02Abr15,n.d.
03Abr15,n.d.
06Abr15,3.089
07Abr15,3.096
08Abr15,3.101
09Abr15,3.111
10Abr15,3.12
13Abr15,3.124
14Abr15,3.119
15Abr15,3.123
16Abr15,3.122
17Abr15,3.124
20Abr15,3.123
21Abr15,3.129
22Abr15,3.132
23Abr15,3.131
24Abr15,3.132
27Abr15,3.132
28Abr15,3.126
29Abr15,3.118
30Abr15,3.1241
1-May-15,n.d.
4-May-15,3.135
5-May-15,3.144
6-May-15,3.143
7-May-15,3.152
8-May-15,3.147
11-May-15,3.15
12-May-15,3.151
13-May-15,3.151
14-May-15,3.148
15-May-15,3.145
18-May-15,3.149
19-May-15,3.151
20-May-15,3.156
21-May-15,3.149
22-May-15,3.146
25-May-15,3.149
26-May-15,3.153
27-May-15,3.154
28-May-15,3.156
29-May-15,3.155
1-Jun-15,3.156
2-Jun-15,3.154
3-Jun-15,3.153
4-Jun-15,3.147
5-Jun-15,3.15
8-Jun-15,3.151
9-Jun-15,3.151
10-Jun-15,3.152
11-Jun-15,3.153
12-Jun-15,3.153
15-Jun-15,3.156
16-Jun-15,3.159
17-Jun-15,3.163
18-Jun-15,3.161
19-Jun-15,3.165
22-Jun-15,3.172
23-Jun-15,3.178
24-Jun-15,3.176
25-Jun-15,3.168
26-Jun-15,3.169
29-Jun-15,n.d.
30-Jun-15,3.174
1-Jul-15,3.177
2-Jul-15,3.17
3-Jul-15,3.169
6-Jul-15,3.176
7-Jul-15,3.179
8-Jul-15,3.185
9-Jul-15,3.179
10-Jul-15,3.176
13-Jul-15,3.176
14-Jul-15,3.175
15-Jul-15,3.18
16-Jul-15,3.177
17-Jul-15,3.18
20-Jul-15,3.182
21-Jul-15,3.179
22-Jul-15,3.183
23-Jul-15,3.187
24-Jul-15,3.187
27-Jul-15,n.d.
28-Jul-15,n.d.
29-Jul-15,n.d.
30-Jul-15,3.189
31-Jul-15,3.186
03Ago15,3.19
04Ago15,3.189
05Ago15,3.198
06Ago15,3.203
07Ago15,3.2
10Ago15,3.199
11Ago15,3.211
12Ago15,3.225
13Ago15,3.23
14Ago15,3.236
17Ago15,3.243
18Ago15,3.246
19Ago15,3.252
20Ago15,3.261
21Ago15,3.272
24Ago15,3.276
25Ago15,3.278
26Ago15,3.303
27Ago15,3.276
28Ago15,3.249
31Ago15,3.234
01Set15,3.243
02Set15,3.252
03Set15,3.222
04Set15,3.212
07Set15,3.222
08Set15,3.223
09Set15,3.218
10Set15,3.219
11Set15,3.209
14Set15,3.206
15Set15,3.207
16Set15,3.204
17Set15,3.193
18Set15,3.191
21Set15,3.191
22Set15,3.207
23Set15,3.22
24Set15,3.223
25Set15,3.217
28Set15,3.232
29Set15,3.237
30Set15,3.22
1-Oct-15,3.229
2-Oct-15,3.224
5-Oct-15,3.214
6-Oct-15,3.218
7-Oct-15,3.217
8-Oct-15,n.d.
9-Oct-15,n.d.
12-Oct-15,3.223
13-Oct-15,3.232
14-Oct-15,3.237
15-Oct-15,3.233
16-Oct-15,3.237
19-Oct-15,3.247
20-Oct-15,3.254
21-Oct-15,3.26
22-Oct-15,3.255
23-Oct-15,3.263
26-Oct-15,3.269
27-Oct-15,3.277
28-Oct-15,3.277
29-Oct-15,3.281
30-Oct-15,3.282
2-Nov-15,3.284
3-Nov-15,3.285
4-Nov-15,3.287
5-Nov-15,3.299
6-Nov-15,3.312
9-Nov-15,3.306
10-Nov-15,3.311
11-Nov-15,3.314
12-Nov-15,3.32
13-Nov-15,3.323
16-Nov-15,3.341
17-Nov-15,3.345
18-Nov-15,3.353
19-Nov-15,3.352
20-Nov-15,3.356
23-Nov-15,3.368
24-Nov-15,3.374
25-Nov-15,3.381
26-Nov-15,3.375
27-Nov-15,3.372
30-Nov-15,3.372
01Dic15,3.374
02Dic15,3.369
03Dic15,3.366
04Dic15,3.369
07Dic15,3.371
08Dic15,n.d.
09Dic15,3.368
10Dic15,3.371
11Dic15,3.374
14Dic15,3.377
15Dic15,3.368
16Dic15,3.366
17Dic15,3.37
18Dic15,3.376
21Dic15,3.378
22Dic15,3.388
23Dic15,3.394
24Dic15,3.39
25Dic15,n.d.
28Dic15,3.397
29Dic15,3.404
30Dic15,3.407
31Dic15,3.408
01Ene16,n.d.
04Ene16,3.426
05Ene16,3.415
06Ene16,3.415
07Ene16,3.42
08Ene16,3.425
11Ene16,3.424
12Ene16,3.423
13Ene16,3.42
14Ene16,3.422
15Ene16,3.428
18Ene16,3.426
19Ene16,3.43
20Ene16,3.441
21Ene16,3.445
22Ene16,3.443
25Ene16,3.454
26Ene16,3.465
27Ene16,3.463
28Ene16,3.463
29Ene16,3.468
1-Feb-16,3.481
2-Feb-16,3.481
3-Feb-16,3.491
4-Feb-16,3.476
5-Feb-16,3.479
8-Feb-16,3.489
9-Feb-16,3.499
10-Feb-16,3.505
11-Feb-16,3.511
12-Feb-16,3.506
15-Feb-16,3.502
16-Feb-16,3.506
17-Feb-16,3.504
18-Feb-16,3.502
19-Feb-16,3.511
22-Feb-16,3.517
23-Feb-16,3.524
24-Feb-16,3.536
25-Feb-16,3.527
26-Feb-16,3.522
29-Feb-16,3.521
1-Mar-16,3.518
2-Mar-16,3.507
3-Mar-16,3.465
4-Mar-16,3.441
7-Mar-16,3.457
8-Mar-16,3.464
9-Mar-16,3.438
10-Mar-16,3.434
11-Mar-16,3.383
14-Mar-16,3.357
15-Mar-16,3.343
16-Mar-16,3.373
17-Mar-16,3.345
18-Mar-16,3.372
21-Mar-16,3.388
22-Mar-16,3.412
23-Mar-16,3.392
24-Mar-16,n.d.
25-Mar-16,n.d.
28-Mar-16,3.353
29-Mar-16,3.381
30-Mar-16,3.358
31-Mar-16,3.323
01Abr16,3.338
04Abr16,3.349
05Abr16,3.358
06Abr16,3.374
07Abr16,3.402
08Abr16,3.379
11Abr16,3.321
12Abr16,3.274
13Abr16,3.268
14Abr16,3.272
15Abr16,3.274
18Abr16,3.276
19Abr16,3.249
20Abr16,3.248
21Abr16,3.253
22Abr16,3.267
25Abr16,3.277
26Abr16,3.281
27Abr16,3.287
28Abr16,3.277
29Abr16,3.271
2-May-16,3.288
3-May-16,3.322
4-May-16,3.332
5-May-16,3.319
6-May-16,3.313
9-May-16,3.336
10-May-16,3.331
11-May-16,3.327
12-May-16,3.327
13-May-16,3.333
16-May-16,3.327
17-May-16,3.316
18-May-16,3.318
19-May-16,3.336
20-May-16,3.333
23-May-16,3.342
24-May-16,3.336
25-May-16,3.336
26-May-16,3.338
27-May-16,3.354
30-May-16,3.354
31-May-16,3.37
1-Jun-16,3.377
2-Jun-16,3.366
3-Jun-16,3.351
6-Jun-16,3.318
7-Jun-16,3.305
8-Jun-16,3.292
9-Jun-16,3.304
10-Jun-16,3.315
13-Jun-16,3.329
14-Jun-16,3.334
15-Jun-16,3.316
16-Jun-16,3.333
17-Jun-16,3.316
20-Jun-16,3.288
21-Jun-16,3.285
22-Jun-16,3.282
23-Jun-16,3.281
24-Jun-16,3.314
27-Jun-16,3.317
28-Jun-16,3.3
29-Jun-16,n.d.
30-Jun-16,3.286
1-Jul-16,3.285
4-Jul-16,3.284
5-Jul-16,3.286
6-Jul-16,3.28
7-Jul-16,3.282
8-Jul-16,3.277
11-Jul-16,3.278
12-Jul-16,3.278
13-Jul-16,3.278
14-Jul-16,3.276
15-Jul-16,3.276
18-Jul-16,3.275
19-Jul-16,3.292
20-Jul-16,3.307
21-Jul-16,3.319
22-Jul-16,3.32
25-Jul-16,3.34
26-Jul-16,3.355
27-Jul-16,3.35
28-Jul-16,n.d.
29-Jul-16,n.d.
01Ago16,3.34
02Ago16,3.343
03Ago16,3.349
04Ago16,3.334
05Ago16,3.334
08Ago16,3.314
09Ago16,3.302
10Ago16,3.305
11Ago16,3.3
12Ago16,3.315
15Ago16,3.308
16Ago16,3.306
17Ago16,3.315
18Ago16,3.303
19Ago16,3.318
22Ago16,3.339
23Ago16,3.356
24Ago16,3.353
25Ago16,3.347
26Ago16,3.341
29Ago16,3.364
30Ago16,n.d.
31Ago16,3.39
01Set16,3.396
02Set16,3.386
05Set16,3.392
06Set16,3.369
07Set16,3.356
08Set16,3.368
09Set16,3.382
12Set16,3.399
13Set16,3.411
14Set16,3.394
15Set16,3.385
16Set16,3.392
19Set16,3.387
20Set16,3.386
21Set16,3.374
22Set16,3.351
23Set16,3.352
26Set16,3.356
27Set16,3.369
28Set16,3.375
29Set16,3.386
30Set16,3.397
3-Oct-16,3.388
4-Oct-16,3.394
5-Oct-16,3.401
6-Oct-16,3.407
7-Oct-16,3.405
10-Oct-16,3.395
11-Oct-16,3.397
12-Oct-16,3.404
13-Oct-16,3.407
14-Oct-16,3.399
17-Oct-16,3.397
18-Oct-16,3.385
19-Oct-16,3.379
20-Oct-16,3.382
21-Oct-16,3.366
24-Oct-16,3.351
25-Oct-16,3.358
26-Oct-16,3.363
27-Oct-16,3.371
28-Oct-16,3.359
31-Oct-16,3.36
1-Nov-16,n.d.
2-Nov-16,3.378
3-Nov-16,3.375
4-Nov-16,3.381
7-Nov-16,3.372
8-Nov-16,3.359
9-Nov-16,3.376
10-Nov-16,3.4
11-Nov-16,3.408
14-Nov-16,3.415
15-Nov-16,3.421
16-Nov-16,3.411
17-Nov-16,n.d.
18-Nov-16,n.d.
21-Nov-16,3.412
22-Nov-16,3.416
23-Nov-16,3.423
24-Nov-16,3.414
25-Nov-16,3.413
28-Nov-16,3.411
29-Nov-16,3.418
30-Nov-16,3.409
01Dic16,3.415
02Dic16,3.41
05Dic16,3.418
06Dic16,3.415
07Dic16,3.405
08Dic16,n.d.
09Dic16,3.399
12Dic16,3.399
13Dic16,3.396
14Dic16,3.391
15Dic16,3.403
16Dic16,3.398
19Dic16,3.403
20Dic16,3.401
21Dic16,3.394
22Dic16,3.393
23Dic16,3.382
26Dic16,3.382
27Dic16,3.379
28Dic16,3.361
29Dic16,3.352
30Dic16,3.352
02Ene17,3.359
03Ene17,3.376
04Ene17,3.388
05Ene17,3.369
06Ene17,3.371
09Ene17,3.379
10Ene17,3.387
11Ene17,3.391
12Ene17,3.363
13Ene17,3.363
16Ene17,3.364
17Ene17,3.349
18Ene17,3.346
19Ene17,3.334
20Ene17,3.301
23Ene17,3.286
24Ene17,3.281
25Ene17,3.275
26Ene17,3.299
27Ene17,3.288
30Ene17,3.287
31Ene17,3.282
1-Feb-17,3.269
2-Feb-17,3.255
3-Feb-17,3.245
6-Feb-17,3.274
7-Feb-17,3.291
8-Feb-17,3.287
9-Feb-17,3.272
10-Feb-17,3.252
13-Feb-17,3.262
14-Feb-17,3.263
15-Feb-17,3.248
16-Feb-17,3.245
17-Feb-17,3.259
20-Feb-17,3.248
21-Feb-17,3.247
22-Feb-17,3.241
23-Feb-17,3.24
24-Feb-17,3.249
27-Feb-17,3.25
28-Feb-17,3.259
1-Mar-17,3.262
2-Mar-17,3.271
3-Mar-17,3.283
6-Mar-17,3.288
7-Mar-17,3.291
8-Mar-17,3.291
9-Mar-17,3.294
10-Mar-17,3.281
13-Mar-17,3.285
14-Mar-17,3.282
15-Mar-17,3.266
16-Mar-17,3.247
17-Mar-17,3.247
20-Mar-17,3.247
21-Mar-17,3.243
22-Mar-17,3.249
23-Mar-17,3.244
24-Mar-17,3.241
27-Mar-17,3.246
28-Mar-17,3.242
29-Mar-17,3.24
30-Mar-17,3.24
31-Mar-17,3.246
03Abr17,3.245
04Abr17,3.25
05Abr17,3.247
06Abr17,3.246
07Abr17,3.245
10Abr17,3.244
11Abr17,3.249
12Abr17,3.252
13Abr17,n.d.
14Abr17,n.d.
17Abr17,3.249
18Abr17,3.25
19Abr17,3.248
20Abr17,3.242
21Abr17,3.241
24Abr17,3.24
25Abr17,3.244
26Abr17,3.247
27Abr17,3.246
28Abr17,3.242
1-May-17,n.d.
2-May-17,3.247
3-May-17,3.249
4-May-17,3.265
5-May-17,3.27
8-May-17,3.282
9-May-17,3.286
10-May-17,3.285
11-May-17,3.283
12-May-17,3.277
15-May-17,3.26
16-May-17,3.256
17-May-17,3.268
18-May-17,3.281
19-May-17,3.266
22-May-17,3.27
23-May-17,3.28
24-May-17,3.275
25-May-17,3.263
26-May-17,3.271
29-May-17,3.278
30-May-17,3.284
31-May-17,3.27
1-Jun-17,3.268
2-Jun-17,3.269
5-Jun-17,3.269
6-Jun-17,3.264
7-Jun-17,3.265
8-Jun-17,3.27
9-Jun-17,3.266
12-Jun-17,3.275
13-Jun-17,3.275
14-Jun-17,3.268
15-Jun-17,3.276
16-Jun-17,3.274
19-Jun-17,3.265
20-Jun-17,3.274
21-Jun-17,3.269
22-Jun-17,3.267
23-Jun-17,3.254
26-Jun-17,3.25
27-Jun-17,3.254
28-Jun-17,3.251
29-Jun-17,n.d.
30-Jun-17,n.d.
3-Jul-17,3.25
4-Jul-17,3.254
5-Jul-17,3.26
6-Jul-17,3.254
7-Jul-17,3.248
10-Jul-17,3.254
11-Jul-17,3.252
12-Jul-17,3.249
13-Jul-17,3.248
14-Jul-17,3.241
17-Jul-17,3.249
18-Jul-17,3.244
19-Jul-17,3.24
20-Jul-17,3.239
21-Jul-17,3.244
24-Jul-17,3.244
25-Jul-17,3.245
26-Jul-17,3.246
27-Jul-17,n.d.
28-Jul-17,n.d.
31-Jul-17,3.239
01Ago17,3.238
02Ago17,3.239
03Ago17,3.237
04Ago17,3.24
07Ago17,3.239
08Ago17,3.242
09Ago17,3.246
10Ago17,3.247
11Ago17,3.247
14Ago17,3.242
15Ago17,3.245
16Ago17,3.242
17Ago17,3.241
18Ago17,3.241
21Ago17,3.237
22Ago17,3.236
23Ago17,3.237
24Ago17,3.236
25Ago17,3.236
28Ago17,3.235
29Ago17,3.239
30Ago17,n.d.
31Ago17,3.239
01Set17,3.235
04Set17,3.237
05Set17,3.235
06Set17,3.235
07Set17,3.234
08Set17,3.232
11Set17,3.23
12Set17,3.233
13Set17,3.237
14Set17,3.237
15Set17,3.245
18Set17,3.247
19Set17,3.243
20Set17,3.242
21Set17,3.248
22Set17,3.244
25Set17,3.253
26Set17,3.269
27Set17,3.273
28Set17,3.268
29Set17,3.263
2-Oct-17,3.267
3-Oct-17,3.266
4-Oct-17,3.258
5-Oct-17,3.254
6-Oct-17,3.266
9-Oct-17,3.27
10-Oct-17,3.265
11-Oct-17,3.26
12-Oct-17,3.254
13-Oct-17,3.248
16-Oct-17,3.244
17-Oct-17,3.244
18-Oct-17,3.242
19-Oct-17,3.235
20-Oct-17,3.237
23-Oct-17,3.238
24-Oct-17,3.238
25-Oct-17,3.233
26-Oct-17,3.236
27-Oct-17,3.244
30-Oct-17,3.247
31-Oct-17,3.246
1-Nov-17,n.d.
2-Nov-17,3.242
3-Nov-17,3.243
6-Nov-17,3.236
7-Nov-17,3.238
8-Nov-17,3.24
9-Nov-17,3.243
10-Nov-17,3.239
13-Nov-17,3.239
14-Nov-17,3.24
15-Nov-17,3.248
16-Nov-17,3.25
17-Nov-17,3.242
20-Nov-17,3.24
21-Nov-17,3.233
22-Nov-17,3.239
23-Nov-17,3.235
24-Nov-17,3.235
27-Nov-17,3.235
28-Nov-17,3.234
29-Nov-17,3.231
30-Nov-17,3.231
01Dic17,3.232
04Dic17,3.232
05Dic17,3.233
06Dic17,3.235
07Dic17,3.233
08Dic17,n.d.
11Dic17,3.232
12Dic17,3.231
13Dic17,3.23
14Dic17,3.24
15Dic17,3.257
18Dic17,3.287
19Dic17,3.266
20Dic17,3.273
21Dic17,3.265
22Dic17,3.238
25Dic17,n.d.
26Dic17,3.236
27Dic17,3.239
28Dic17,3.24
29Dic17,3.238
01Ene18,n.d.
02Ene18,n.d.
03Ene18,3.227
04Ene18,3.206
05Ene18,3.21
08Ene18,3.214
09Ene18,3.218
10Ene18,3.218
11Ene18,3.217
12Ene18,3.215
15Ene18,3.212
16Ene18,3.211
17Ene18,3.21
18Ene18,3.209
19Ene18,3.214
22Ene18,3.212
23Ene18,3.216
24Ene18,3.212
25Ene18,3.209
26Ene18,3.212
29Ene18,3.217
30Ene18,3.215
31Ene18,3.214
1-Feb-18,3.211
2-Feb-18,3.217
5-Feb-18,3.223
6-Feb-18,3.248
7-Feb-18,3.245
8-Feb-18,3.251
9-Feb-18,3.267
12-Feb-18,3.264
13-Feb-18,3.267
14-Feb-18,3.268
15-Feb-18,3.247
16-Feb-18,3.241
19-Feb-18,3.248
20-Feb-18,3.25
21-Feb-18,3.246
22-Feb-18,3.249
23-Feb-18,3.247
26-Feb-18,3.248
27-Feb-18,3.248
28-Feb-18,3.259
1-Mar-18,3.262
2-Mar-18,3.257
5-Mar-18,3.249
6-Mar-18,3.25
7-Mar-18,3.253
8-Mar-18,3.254
9-Mar-18,3.258
12-Mar-18,3.256
13-Mar-18,3.257
14-Mar-18,3.26
15-Mar-18,3.26
16-Mar-18,3.266
19-Mar-18,3.27
20-Mar-18,3.264
21-Mar-18,3.261
22-Mar-18,3.24
23-Mar-18,3.236
26-Mar-18,3.215
27-Mar-18,3.219
28-Mar-18,3.224
29-Mar-18,n.d.
30-Mar-18,n.d.
02Abr18,3.225
03Abr18,3.225
04Abr18,3.227
05Abr18,3.226
06Abr18,3.232
09Abr18,3.237
10Abr18,3.238
11Abr18,3.237
12Abr18,3.228
13Abr18,n.d.
16Abr18,3.222
17Abr18,3.218
18Abr18,3.215
19Abr18,3.219
20Abr18,3.223
23Abr18,3.228
24Abr18,3.231
25Abr18,3.24
26Abr18,3.235
27Abr18,3.238
30Abr18,3.248
1-May-18,n.d.
2-May-18,3.266
3-May-18,3.274
4-May-18,3.27
7-May-18,3.277
8-May-18,3.285
9-May-18,3.29
10-May-18,3.273
11-May-18,3.259
14-May-18,3.258
15-May-18,3.268
16-May-18,3.266
17-May-18,3.273
18-May-18,3.286
21-May-18,3.284
22-May-18,3.271
23-May-18,3.27
24-May-18,3.266
25-May-18,3.267
28-May-18,3.269
29-May-18,3.279
30-May-18,3.27
31-May-18,3.271
1-Jun-18,3.271
4-Jun-18,3.271
5-Jun-18,3.271
6-Jun-18,3.258
7-Jun-18,3.26
8-Jun-18,3.261
11-Jun-18,3.265
12-Jun-18,3.269
13-Jun-18,3.264
14-Jun-18,3.265
15-Jun-18,3.277
18-Jun-18,3.279
19-Jun-18,3.283
20-Jun-18,3.28
21-Jun-18,3.274
22-Jun-18,3.266
25-Jun-18,3.273
26-Jun-18,3.269
27-Jun-18,3.269
28-Jun-18,3.269
29-Jun-18,n.d.
2-Jul-18,3.285
3-Jul-18,3.284
4-Jul-18,3.287
5-Jul-18,3.287
6-Jul-18,3.282
9-Jul-18,3.28
10-Jul-18,3.269
11-Jul-18,3.276
12-Jul-18,3.271
13-Jul-18,3.268
16-Jul-18,3.265
17-Jul-18,3.267
18-Jul-18,3.271
19-Jul-18,3.274
20-Jul-18,3.272
23-Jul-18,3.275
24-Jul-18,3.273
25-Jul-18,3.271
26-Jul-18,3.272
27-Jul-18,n.d.
30-Jul-18,3.268
31-Jul-18,3.271
01Ago18,3.272
02Ago18,3.269
03Ago18,3.267
06Ago18,3.266
07Ago18,3.265
08Ago18,3.268
09Ago18,3.27
10Ago18,3.275
13Ago18,3.284
14Ago18,3.289
15Ago18,3.315
16Ago18,3.309
17Ago18,3.318
20Ago18,3.313
21Ago18,3.297
22Ago18,3.284
23Ago18,3.293
24Ago18,3.291
27Ago18,3.288
28Ago18,3.291
29Ago18,3.293
30Ago18,n.d.
31Ago18,n.d.
03Set18,3.301
04Set18,3.312
05Set18,3.316
06Set18,3.318
07Set18,3.322
10Set18,3.324
11Set18,3.331
12Set18,3.328
13Set18,3.322
14Set18,3.313
17Set18,3.313
18Set18,3.304
19Set18,3.301
20Set18,3.298
21Set18,3.291
24Set18,3.297
25Set18,3.303
26Set18,3.303
27Set18,3.301
28Set18,3.298
1-Oct-18,3.306
2-Oct-18,3.312
3-Oct-18,3.311
4-Oct-18,3.332
5-Oct-18,3.32
8-Oct-18,n.d.
9-Oct-18,3.329
10-Oct-18,3.328
11-Oct-18,3.327
12-Oct-18,3.33
15-Oct-18,3.334
16-Oct-18,3.33
17-Oct-18,3.332
18-Oct-18,3.336
19-Oct-18,3.328
22-Oct-18,3.331
23-Oct-18,3.335
24-Oct-18,3.339
25-Oct-18,3.339
26-Oct-18,3.344
29-Oct-18,3.35
30-Oct-18,3.357
31-Oct-18,3.364
1-Nov-18,n.d.
2-Nov-18,n.d.
5-Nov-18,3.359
6-Nov-18,3.368
7-Nov-18,3.364
8-Nov-18,3.368
9-Nov-18,3.369
12-Nov-18,3.366
13-Nov-18,3.374
14-Nov-18,3.375
15-Nov-18,3.38
16-Nov-18,3.373
19-Nov-18,3.373
20-Nov-18,3.379
21-Nov-18,3.374
22-Nov-18,3.369
23-Nov-18,3.374
26-Nov-18,3.377
27-Nov-18,3.38
28-Nov-18,3.375
29-Nov-18,3.376
30-Nov-18,3.378
03Dic18,3.374
04Dic18,3.383
05Dic18,3.378
06Dic18,3.377
07Dic18,3.367
10Dic18,3.373
11Dic18,3.366
12Dic18,3.355
13Dic18,3.359
14Dic18,3.351
17Dic18,3.341
18Dic18,3.34
19Dic18,3.347
20Dic18,3.339
21Dic18,3.352
24Dic18,n.d.
25Dic18,n.d.
26Dic18,3.366
27Dic18,3.373
28Dic18,3.363
31Dic18,3.369
01Ene19,n.d.
02Ene19,3.369
03Ene19,3.368
04Ene19,3.356
07Ene19,3.349
08Ene19,3.347
09Ene19,3.333
10Ene19,3.341
11Ene19,3.339
14Ene19,3.341
15Ene19,3.336
16Ene19,3.33
17Ene19,3.331
18Ene19,3.316
21Ene19,3.325
22Ene19,3.335
23Ene19,3.336
24Ene19,3.345
25Ene19,3.342
28Ene19,3.352
29Ene19,3.357
30Ene19,3.351
31Ene19,3.333
1-Feb-19,3.326
4-Feb-19,3.327
5-Feb-19,3.328
6-Feb-19,3.325
7-Feb-19,3.321
8-Feb-19,3.321
11-Feb-19,3.328
12-Feb-19,3.331
13-Feb-19,3.336
14-Feb-19,3.339
15-Feb-19,3.327
18-Feb-19,3.318
19-Feb-19,3.314
20-Feb-19,3.316
21-Feb-19,3.319
22-Feb-19,3.307
25-Feb-19,3.303
26-Feb-19,3.307
27-Feb-19,3.304
28-Feb-19,3.3
1-Mar-19,3.303
4-Mar-19,3.308
5-Mar-19,3.31
6-Mar-19,3.307
7-Mar-19,3.308
8-Mar-19,3.312
11-Mar-19,3.307
12-Mar-19,3.3
13-Mar-19,3.29
14-Mar-19,3.294
15-Mar-19,3.296
18-Mar-19,3.297
19-Mar-19,3.3
20-Mar-19,3.291
21-Mar-19,3.292
22-Mar-19,3.301
25-Mar-19,3.301
26-Mar-19,3.302
27-Mar-19,3.315
28-Mar-19,3.316
29-Mar-19,3.316
01Abr19,3.306
02Abr19,3.309
03Abr19,3.298
04Abr19,3.295
05Abr19,3.295
08Abr19,3.289
09Abr19,3.29
10Abr19,3.293
11Abr19,3.296
12Abr19,3.291
15Abr19,3.295
16Abr19,3.294
17Abr19,3.294
18Abr19,n.d.
19Abr19,n.d.
22Abr19,3.302
23Abr19,3.308
24Abr19,3.32
25Abr19,3.329
26Abr19,3.317
29Abr19,3.314
30Abr19,3.306
1-May-19,n.d.
2-May-19,3.313
3-May-19,3.3
6-May-19,3.306
7-May-19,3.312
8-May-19,3.313
9-May-19,3.321
10-May-19,3.314
13-May-19,3.329
14-May-19,3.321
15-May-19,3.32
16-May-19,3.314
17-May-19,3.321
20-May-19,3.336
21-May-19,3.344
22-May-19,3.344
23-May-19,3.347
24-May-19,3.341
27-May-19,3.344
28-May-19,3.353
29-May-19,3.354
30-May-19,3.358
31-May-19,3.367
3-Jun-19,3.372
4-Jun-19,3.348
5-Jun-19,3.351
6-Jun-19,3.335
7-Jun-19,3.331
10-Jun-19,3.332
11-Jun-19,3.329
12-Jun-19,3.329
13-Jun-19,3.329
14-Jun-19,3.333
17-Jun-19,3.345
18-Jun-19,3.335
19-Jun-19,3.333
20-Jun-19,3.309
21-Jun-19,3.302
24-Jun-19,3.297
25-Jun-19,3.295
26-Jun-19,3.297
27-Jun-19,3.29
28-Jun-19,3.285
1-Jul-19,3.288
2-Jul-19,3.288
3-Jul-19,3.294
4-Jul-19,3.286
5-Jul-19,3.293
8-Jul-19,3.286
9-Jul-19,3.288
10-Jul-19,3.285
11-Jul-19,3.281
12-Jul-19,3.281
15-Jul-19,3.284
16-Jul-19,3.285
17-Jul-19,3.284
18-Jul-19,3.285
19-Jul-19,3.282
22-Jul-19,3.283
23-Jul-19,3.29
24-Jul-19,3.291
25-Jul-19,3.296
26-Jul-19,3.297
29-Jul-19,n.d.
30-Jul-19,n.d.
31-Jul-19,3.308
01Ago19,3.316
02Ago19,3.343
05Ago19,3.375
06Ago19,3.38
07Ago19,3.379
08Ago19,3.379
09Ago19,3.379
12Ago19,3.386
13Ago19,3.375
14Ago19,3.389
15Ago19,3.39
16Ago19,3.382
19Ago19,3.382
20Ago19,3.379
21Ago19,3.376
22Ago19,3.378
23Ago19,3.374
26Ago19,3.377
27Ago19,3.385
28Ago19,3.392
29Ago19,n.d.
30Ago19,n.d.
02Set19,3.396
03Set19,3.403
04Set19,3.389
05Set19,3.366
06Set19,3.344
09Set19,3.343
10Set19,3.344
11Set19,3.342
12Set19,3.328
13Set19,3.315
16Set19,3.322
17Set19,3.341
18Set19,3.342
19Set19,3.353
20Set19,3.357
23Set19,3.362
24Set19,3.344
25Set19,3.348
26Set19,3.362
27Set19,3.384
30Set19,3.382
1-Oct-19,3.39
2-Oct-19,3.386
3-Oct-19,3.376
4-Oct-19,3.375
7-Oct-19,3.384
8-Oct-19,n.d.
9-Oct-19,3.377
10-Oct-19,3.358
11-Oct-19,3.356
14-Oct-19,3.36
15-Oct-19,3.367
16-Oct-19,3.365
17-Oct-19,3.354
18-Oct-19,3.343
21-Oct-19,3.343
22-Oct-19,3.337
23-Oct-19,3.344
24-Oct-19,3.348
25-Oct-19,3.346
28-Oct-19,3.33
29-Oct-19,3.334
30-Oct-19,3.345
31-Oct-19,n.d.
1-Nov-19,n.d.
4-Nov-19,3.332
5-Nov-19,3.336
6-Nov-19,3.339
7-Nov-19,3.342
8-Nov-19,3.35
11-Nov-19,3.359
12-Nov-19,3.371
13-Nov-19,3.39
14-Nov-19,3.387
15-Nov-19,3.368
18-Nov-19,3.367
19-Nov-19,3.376
20-Nov-19,3.384
21-Nov-19,3.375
22-Nov-19,3.382
25-Nov-19,3.385
26-Nov-19,3.381
27-Nov-19,3.391
28-Nov-19,3.385
29-Nov-19,3.394
02Dic19,3.399
03Dic19,3.389
04Dic19,3.383
05Dic19,3.374
06Dic19,3.375
09Dic19,3.376
10Dic19,3.387
11Dic19,3.39
12Dic19,3.389
13Dic19,3.367
16Dic19,3.355
17Dic19,3.345
18Dic19,3.336
19Dic19,3.335
20Dic19,3.321
23Dic19,3.314
24Dic19,3.314
25Dic19,n.d.
26Dic19,3.319
27Dic19,3.32
30Dic19,3.314
31Dic19,3.311
01Ene20,n.d.
02Ene20,3.301
03Ene20,3.308
06Ene20,3.32
07Ene20,3.325
08Ene20,3.318
09Ene20,3.319
10Ene20,3.321
13Ene20,3.334
14Ene20,3.328
15Ene20,3.322
16Ene20,3.321
17Ene20,3.319
20Ene20,3.318
21Ene20,3.317
22Ene20,3.314
23Ene20,3.32
24Ene20,3.32
27Ene20,3.336
28Ene20,3.332
29Ene20,3.343
30Ene20,3.359
31Ene20,3.373
3-Feb-20,3.372
4-Feb-20,3.36
5-Feb-20,3.359
6-Feb-20,3.369
7-Feb-20,3.385
10-Feb-20,3.392
11-Feb-20,3.387
12-Feb-20,3.381
13-Feb-20,3.383
14-Feb-20,3.38
17-Feb-20,3.38
18-Feb-20,3.383
19-Feb-20,3.382
20-Feb-20,3.389
21-Feb-20,3.391
24-Feb-20,3.401
25-Feb-20,3.402
26-Feb-20,3.409
27-Feb-20,3.426
28-Feb-20,3.448
2-Mar-20,3.441
3-Mar-20,3.425
4-Mar-20,3.42
5-Mar-20,3.438
6-Mar-20,3.47
9-Mar-20,3.499
10-Mar-20,3.494
11-Mar-20,3.507
12-Mar-20,3.543
13-Mar-20,3.526
16-Mar-20,3.544
17-Mar-20,3.549
18-Mar-20,3.565
19-Mar-20,3.563
20-Mar-20,3.52
23-Mar-20,3.53
24-Mar-20,3.517
25-Mar-20,3.496
26-Mar-20,3.429
27-Mar-20,3.417
30-Mar-20,3.431
31-Mar-20,3.433
01Abr20,3.455
02Abr20,3.453
03Abr20,3.453
06Abr20,3.406
07Abr20,3.367
08Abr20,3.354
09Abr20,n.d.
10Abr20,n.d.
13Abr20,3.374
14Abr20,3.388
15Abr20,3.417
16Abr20,3.407
17Abr20,3.403
20Abr20,3.405
21Abr20,3.397
22Abr20,3.37
23Abr20,3.358
24Abr20,3.371
27Abr20,3.391
28Abr20,3.382
29Abr20,3.369
30Abr20,3.376
1-May-20,n.d.
4-May-20,3.383
5-May-20,3.388
6-May-20,3.403
7-May-20,3.404
8-May-20,3.394
11-May-20,3.418
12-May-20,3.421
13-May-20,3.434
14-May-20,3.45
15-May-20,3.444
18-May-20,3.419
19-May-20,3.425
20-May-20,3.404
21-May-20,3.402
22-May-20,3.424
25-May-20,3.425
26-May-20,3.421
27-May-20,3.448
28-May-20,3.439
29-May-20,3.429
1-Jun-20,3.41
2-Jun-20,3.402
3-Jun-20,3.389
4-Jun-20,3.421
5-Jun-20,3.426
8-Jun-20,3.438
9-Jun-20,3.447
10-Jun-20,3.435
11-Jun-20,3.45
12-Jun-20,3.46
15-Jun-20,3.48
16-Jun-20,3.473
17-Jun-20,3.491
18-Jun-20,3.506
19-Jun-20,3.51
22-Jun-20,3.493
23-Jun-20,3.513
24-Jun-20,3.524
25-Jun-20,3.509
26-Jun-20,3.516
29-Jun-20,n.d.
30-Jun-20,3.534
1-Jul-20,3.533
2-Jul-20,3.515
3-Jul-20,3.525
6-Jul-20,3.546
7-Jul-20,3.542
8-Jul-20,3.534
9-Jul-20,3.517
10-Jul-20,3.502
13-Jul-20,3.495
14-Jul-20,3.499
15-Jul-20,3.495
16-Jul-20,3.495
17-Jul-20,3.504
20-Jul-20,3.509
21-Jul-20,3.491
22-Jul-20,3.502
23-Jul-20,3.514
24-Jul-20,3.529
27-Jul-20,3.524
28-Jul-20,n.d.
29-Jul-20,3.508
30-Jul-20,3.506
31-Jul-20,3.522
03Ago20,3.538
04Ago20,3.546
05Ago20,3.545
06Ago20,3.545
07Ago20,3.547
10Ago20,3.556
11Ago20,3.56
12Ago20,3.565
13Ago20,3.57
14Ago20,3.573
17Ago20,3.575
18Ago20,3.572
19Ago20,3.56
20Ago20,3.573
21Ago20,3.579
24Ago20,3.579
25Ago20,3.588
26Ago20,3.582
27Ago20,3.568
28Ago20,3.538
31Ago20,3.542
01Set20,3.527
02Set20,3.529
03Set20,3.538
04Set20,3.549
07Set20,3.533
08Set20,3.542
09Set20,3.534
10Set20,3.539
11Set20,3.56
14Set20,3.565
15Set20,3.548
16Set20,3.537
17Set20,3.533
18Set20,3.523
21Set20,3.543
22Set20,3.552
23Set20,3.566
24Set20,3.577
25Set20,3.59
28Set20,3.589
29Set20,3.592
30Set20,3.595
1-Oct-20,3.602
2-Oct-20,3.616
5-Oct-20,3.61
6-Oct-20,3.581
7-Oct-20,3.577
8-Oct-20,3.577
9-Oct-20,3.57
12-Oct-20,3.584
13-Oct-20,3.592
14-Oct-20,3.586
15-Oct-20,3.584
16-Oct-20,3.575
19-Oct-20,3.586
20-Oct-20,3.584
21-Oct-20,3.595
22-Oct-20,3.601
23-Oct-20,3.601
26-Oct-20,3.601
27-Oct-20,3.604
28-Oct-20,3.61
29-Oct-20,3.61
30-Oct-20,3.61
2-Nov-20,3.6
3-Nov-20,3.602
4-Nov-20,3.596
5-Nov-20,3.589
6-Nov-20,3.596
9-Nov-20,3.584
10-Nov-20,3.619
11-Nov-20,3.62
12-Nov-20,3.63
13-Nov-20,3.64
16-Nov-20,3.654
17-Nov-20,3.627
18-Nov-20,3.577
19-Nov-20,3.571
20-Nov-20,3.582
23-Nov-20,3.596
24-Nov-20,3.604
25-Nov-20,3.606
26-Nov-20,3.6
27-Nov-20,3.601
30-Nov-20,3.603
01Dic20,3.602
02Dic20,3.602
03Dic20,3.595
04Dic20,3.588
07Dic20,3.596
08Dic20,n.d.
09Dic20,3.598
10Dic20,3.598
11Dic20,3.593
14Dic20,3.582
15Dic20,3.588
16Dic20,3.584
17Dic20,3.581
18Dic20,3.593
21Dic20,3.603
22Dic20,3.613
23Dic20,3.608
24Dic20,3.607
25Dic20,n.d.
28Dic20,3.612
29Dic20,3.616
30Dic20,3.616
31Dic20,3.618
01Ene21,n.d.
04Ene21,3.624
05Ene21,3.627
06Ene21,3.625
07Ene21,3.62
08Ene21,3.61
11Ene21,3.615
12Ene21,3.606
13Ene21,3.61
14Ene21,3.61
15Ene21,3.61
18Ene21,3.609
19Ene21,3.611
20Ene21,3.612
21Ene21,3.618
22Ene21,3.629
25Ene21,3.641
26Ene21,3.643
27Ene21,3.651
28Ene21,3.644
29Ene21,3.636
1-Feb-21,3.636
2-Feb-21,3.637
3-Feb-21,3.635
4-Feb-21,3.642
5-Feb-21,3.636
8-Feb-21,3.639
9-Feb-21,3.641
10-Feb-21,3.635
11-Feb-21,3.636
12-Feb-21,3.642
15-Feb-21,3.639
16-Feb-21,3.649
17-Feb-21,3.651
18-Feb-21,3.648
19-Feb-21,3.65
22-Feb-21,3.652
23-Feb-21,3.651
24-Feb-21,3.649
25-Feb-21,3.645
26-Feb-21,3.647
1-Mar-21,3.651
2-Mar-21,3.661
3-Mar-21,3.672
4-Mar-21,3.672
5-Mar-21,3.688
8-Mar-21,3.699
9-Mar-21,3.701
10-Mar-21,3.693
11-Mar-21,3.69
12-Mar-21,3.698
15-Mar-21,3.715
16-Mar-21,3.703
17-Mar-21,3.704
18-Mar-21,3.702
19-Mar-21,3.71
22-Mar-21,3.719
23-Mar-21,3.716
24-Mar-21,3.721
25-Mar-21,3.729
26-Mar-21,3.734
29-Mar-21,3.745
30-Mar-21,3.76
31-Mar-21,3.754
01Abr21,n.d.
02Abr21,n.d.
05Abr21,3.714
06Abr21,3.652
07Abr21,3.612
08Abr21,3.593
09Abr21,3.614
12Abr21,3.646
13Abr21,3.62
14Abr21,3.626
15Abr21,3.62
16Abr21,3.624
19Abr21,3.668
20Abr21,3.68
21Abr21,3.697
22Abr21,3.753
23Abr21,3.769
26Abr21,3.823
27Abr21,3.834
28Abr21,3.8
29Abr21,3.778
30Abr21,3.783
3-May-21,3.807
4-May-21,3.827
5-May-21,3.824
6-May-21,3.815
7-May-21,3.796
10-May-21,3.773
11-May-21,3.696
12-May-21,3.726
13-May-21,3.676
14-May-21,3.672
17-May-21,3.702
18-May-21,3.723
19-May-21,3.74
20-May-21,3.736
21-May-21,3.741
24-May-21,3.79
25-May-21,3.829
26-May-21,3.839
27-May-21,3.863
28-May-21,3.802
31-May-21,3.808
1-Jun-21,3.838
2-Jun-21,3.855
3-Jun-21,3.85
4-Jun-21,3.816
7-Jun-21,3.883
8-Jun-21,3.934
9-Jun-21,3.879
10-Jun-21,3.882
11-Jun-21,3.895
14-Jun-21,3.897
15-Jun-21,3.913
16-Jun-21,3.894
17-Jun-21,3.906
18-Jun-21,3.935
21-Jun-21,3.951
22-Jun-21,3.968
23-Jun-21,3.974
24-Jun-21,3.981
25-Jun-21,3.977
28-Jun-21,3.925
29-Jun-21,n.d.
30-Jun-21,3.849
1-Jul-21,3.856
2-Jul-21,3.875
5-Jul-21,3.898
6-Jul-21,3.943
7-Jul-21,3.951
8-Jul-21,3.965
9-Jul-21,3.955
12-Jul-21,3.951
13-Jul-21,3.965
14-Jul-21,3.958
15-Jul-21,3.954
16-Jul-21,3.902
19-Jul-21,3.931
20-Jul-21,3.948
21-Jul-21,3.948
22-Jul-21,3.936
23-Jul-21,3.918
26-Jul-21,3.908
27-Jul-21,3.914
28-Jul-21,n.d.
29-Jul-21,n.d.
30-Jul-21,4.036
02Ago21,4.05
03Ago21,4.07
04Ago21,4.072
05Ago21,4.064
06Ago21,4.085
09Ago21,4.102
10Ago21,4.06
11Ago21,4.081
12Ago21,4.096
13Ago21,4.071
16Ago21,4.069
17Ago21,4.084
18Ago21,4.088
19Ago21,4.103
20Ago21,4.107
23Ago21,4.104
24Ago21,4.089
25Ago21,4.092
26Ago21,4.091
27Ago21,4.071
30Ago21,n.d.
31Ago21,4.081
01Set21,4.076
02Set21,4.091
03Set21,4.089
06Set21,4.092
07Set21,4.1
08Set21,4.087
09Set21,4.094
10Set21,4.093
13Set21,4.1
14Set21,4.1
15Set21,4.105
16Set21,4.11
17Set21,4.107
20Set21,4.116
21Set21,4.11
22Set21,4.108
23Set21,4.109
24Set21,4.106
27Set21,4.121
28Set21,4.124
29Set21,4.125
30Set21,4.132
1-Oct-21,4.127
4-Oct-21,4.127
5-Oct-21,4.128
6-Oct-21,4.131
7-Oct-21,4.098
8-Oct-21,n.d.
11-Oct-21,4.072
12-Oct-21,4.062
13-Oct-21,3.997
14-Oct-21,3.936
15-Oct-21,3.926
18-Oct-21,3.943
19-Oct-21,3.941
20-Oct-21,3.938
21-Oct-21,3.948
22-Oct-21,3.956
25-Oct-21,3.967
26-Oct-21,3.987
27-Oct-21,3.983
28-Oct-21,3.975
29-Oct-21,3.986
1-Nov-21,n.d.
2-Nov-21,4.007
3-Nov-21,4.008
4-Nov-21,4.007
5-Nov-21,4.01
8-Nov-21,4.008
9-Nov-21,4.013
10-Nov-21,4.021
11-Nov-21,4.016
12-Nov-21,4.02
15-Nov-21,4.002
16-Nov-21,3.996
17-Nov-21,4.001
18-Nov-21,4.014
19-Nov-21,4.015
22-Nov-21,4.015
23-Nov-21,4.003
24-Nov-21,4.018
25-Nov-21,4.02
26-Nov-21,4.034
29-Nov-21,4.048
30-Nov-21,4.057
01Dic21,4.061
02Dic21,4.068
03Dic21,4.071
06Dic21,4.078
07Dic21,4.07
08Dic21,n.d.
09Dic21,4.077
10Dic21,4.065
13Dic21,4.056
14Dic21,4.049
15Dic21,4.049
16Dic21,4.034
17Dic21,4.032
20Dic21,4.039
21Dic21,4.05
22Dic21,4.043
23Dic21,4.011
24Dic21,3.995
27Dic21,3.978
28Dic21,3.951
29Dic21,3.965
30Dic21,3.979
31Dic21,3.975
03Ene22,3.987
04Ene22,3.963
05Ene22,3.953
06Ene22,3.967
07Ene22,3.948
10Ene22,3.925
11Ene22,3.919
12Ene22,3.897
13Ene22,3.895
14Ene22,3.879
17Ene22,3.846
18Ene22,3.848
19Ene22,3.859
20Ene22,3.851
21Ene22,3.82
24Ene22,3.835
25Ene22,3.843
26Ene22,3.84
27Ene22,3.833
28Ene22,3.839
31Ene22,3.84
1-Feb-22,3.866
2-Feb-22,3.852
3-Feb-22,3.858
4-Feb-22,3.867
7-Feb-22,3.839
8-Feb-22,3.837
9-Feb-22,3.821
10-Feb-22,3.756
11-Feb-22,3.749
14-Feb-22,3.782
15-Feb-22,3.797
16-Feb-22,3.769
17-Feb-22,3.747
18-Feb-22,3.712
21-Feb-22,3.738
22-Feb-22,3.737
23-Feb-22,3.709
24-Feb-22,3.786
25-Feb-22,3.753
28-Feb-22,3.753
1-Mar-22,3.782
2-Mar-22,3.763
3-Mar-22,3.725
4-Mar-22,3.746
7-Mar-22,3.742
8-Mar-22,3.729
9-Mar-22,3.714
10-Mar-22,3.714
11-Mar-22,3.688
14-Mar-22,3.708
15-Mar-22,3.726
16-Mar-22,3.723
17-Mar-22,3.73
18-Mar-22,3.761
21-Mar-22,3.782
22-Mar-22,3.769
23-Mar-22,3.766
24-Mar-22,3.743
25-Mar-22,3.725
28-Mar-22,3.726
29-Mar-22,3.717
30-Mar-22,3.723
31-Mar-22,3.695
01Abr22,3.641
04Abr22,3.627
05Abr22,3.686
06Abr22,3.71
07Abr22,3.707
08Abr22,3.709
11Abr22,3.709
12Abr22,3.698
13Abr22,3.728
14Abr22,n.d.
15Abr22,n.d.
18Abr22,3.73
19Abr22,3.725
20Abr22,3.702
21Abr22,3.723
22Abr22,3.758
25Abr22,3.807
26Abr22,3.811
27Abr22,3.824
28Abr22,3.846
29Abr22,3.83
2-May-22,3.838
3-May-22,3.824
4-May-22,3.797
5-May-22,3.786
6-May-22,3.803
9-May-22,3.814
10-May-22,3.81
11-May-22,3.78
12-May-22,3.795
13-May-22,3.772
16-May-22,3.777
17-May-22,3.755
18-May-22,3.766
19-May-22,3.745
20-May-22,3.728
23-May-22,3.711
24-May-22,3.713
25-May-22,3.685
